subscription_id,customer_id,plan_id,start_date,end_date,status,mrr,discount_pct,billing_cycle,seats_licensed
18,18,2,2025-08-18,,Active,1013.0,18.0,Annual,2
19,19,2,2024-06-15,,Active,6553.0,12.0,Annual,13
23,23,2,2023-12-14,,Active,5683.0,2.0,Monthly,10
43,43,3,2025-04-07,,Active,81686.0,31.163581826547173,Monthly,110
48,48,1,2023-03-01,,Active,1950.0,12.111304852332587,Monthly,8
50,50,1,2025-02-13,,Active,3098.0,16.0,Annual,14
58,58,2,2024-09-12,,Active,5139.0,2.0,Monthly,9
119,119,3,2024-02-27,,Active,58864.0,7.0,Monthly,65
155,155,2,2025-10-28,,Active,5776.0,24.605209660086818,Monthly,12
222,222,1,2023-10-05,,Active,802.0,5.0,Monthly,3
247,247,3,2024-12-07,,Active,11489.0,2.0,Monthly,11
259,259,4,2025-01-20,,Active,262063.0,17.696971799938364,Annual,215
283,283,3,2025-10-03,,Active,70779.0,7.0,Monthly,79
290,290,1,2025-12-24,,Active,530.0,7.0,Annual,2
291,291,1,2025-11-16,,Active,1338.0,3.0,Monthly,5
300,300,4,2025-08-22,,Active,230901.0,7.0,Annual,161
308,308,2,2025-11-30,,Active,4562.0,13.0,Monthly,9
319,319,4,2025-08-27,,Active,25407.0,9.0,Annual,16
334,334,2,2023-10-18,,Active,29017.0,30.47525372632055,Annual,70
335,335,1,2025-05-07,,Active,1283.0,7.0,Monthly,5
341,341,3,2024-05-19,,Active,44187.0,7.0,Annual,48
356,356,1,2022-12-23,,Active,2917.0,18.08520360654989,Monthly,12
378,378,1,2026-05-12,,Active,2251.0,7.0,Annual,9
379,379,3,2023-08-06,,Active,12923.0,6.0,Monthly,13
460,460,3,2026-01-22,,Active,32006.0,18.0,Monthly,39
508,508,4,2023-09-01,,Active,229983.0,10.0,Annual,166
531,531,1,2024-11-18,,Active,2922.0,18.775082053795384,Monthly,13
575,575,3,2025-03-11,,Active,40616.0,11.0,Monthly,46
668,668,1,2025-01-10,,Active,548.0,4.0,Monthly,2
685,685,1,2023-12-11,,Active,2323.0,4.0,Monthly,9
689,689,2,2024-01-03,,Active,2363.0,2.0,Monthly,4
738,738,3,2024-01-04,,Active,151471.0,7.0,Annual,177
855,855,2,2024-03-27,,Active,3712.0,10.0,Monthly,7
874,874,3,2026-05-03,,Active,65363.0,5.0,Annual,71
895,895,1,2025-04-12,,Active,1946.0,10.0,Monthly,8
999,999,2,2026-02-24,,Active,11668.0,5.0,Annual,22
1001,1001,3,2024-03-05,,Active,12228.0,4.0,Annual,12
1004,1004,2,2024-12-05,,Active,29069.0,4.0,Annual,57
1022,1022,2,2025-08-08,,Active,31955.0,4.0,Monthly,63
1048,1048,2,2023-02-05,,Active,22042.0,7.0,Monthly,44
1054,1054,1,2023-10-22,,Active,2814.0,4.0,Monthly,11
1061,1061,1,2024-03-20,,Active,1560.0,5.0,Monthly,6
1073,1073,3,2025-05-20,,Active,2076.0,9.0,Monthly,2
1074,1074,1,2023-12-25,,Active,3231.0,6.0,Annual,13
1092,1092,1,2024-08-08,,Active,1046.0,6.0,Monthly,4
1107,1107,4,2025-09-17,,Active,34350.0,5.0,Monthly,21
1125,1125,1,2026-03-11,,Active,1283.0,7.0,Annual,5
1167,1167,2,2025-05-30,,Active,3712.0,10.0,Annual,7
1188,1188,1,2026-01-07,,Active,1283.0,7.0,Monthly,5
1227,1227,1,2025-05-29,,Active,3057.0,4.0,Monthly,12
1237,1237,1,2025-05-29,,Active,2011.0,7.0,Monthly,8
1240,1240,3,2024-02-25,,Active,10200.0,13.0,Annual,11
1275,1275,2,2025-10-02,,Active,17144.0,5.0,Monthly,33
1314,1314,2,2023-11-05,,Active,5652.0,11.0,Monthly,11
1345,1345,4,2025-11-07,,Active,237589.0,22.37660324228654,Monthly,197
1362,1362,3,2023-12-07,,Active,5518.0,16.0,Monthly,6
1385,1385,2,2023-08-16,,Active,1186.0,4.0,Monthly,2
1387,1387,2,2024-03-07,,Active,3836.0,7.0,Annual,7
1402,1402,4,2025-03-08,,Active,39682.0,7.0,Monthly,25
1406,1406,2,2025-01-10,,Active,33870.0,4.0,Annual,67
1460,1460,1,2025-04-26,,Active,1091.0,2.0,Annual,4
1489,1489,3,2026-06-13,,Active,7538.0,1.0,Annual,7
1806,1806,3,2024-11-29,,Active,59603.0,11.0,Monthly,69
1807,1807,4,2024-11-25,,Active,49714.0,5.0,Annual,31
1822,1822,1,2025-04-08,,Active,991.0,11.0,Annual,4
1917,1917,4,2024-10-15,,Active,74436.0,6.0,Monthly,48
1937,1937,3,2025-12-30,,Active,51715.0,9.0,Annual,58
1974,1974,2,2023-09-19,,Active,3753.0,9.0,Annual,7
1983,1983,3,2024-09-19,,Active,59958.0,14.0,Annual,72
2044,2044,1,2024-10-09,,Active,508.0,11.0,Annual,2
2060,2060,1,2025-10-30,,Active,3153.0,1.0,Annual,12
2082,2082,3,2024-06-04,,Active,42635.0,12.0,Monthly,49
2244,2244,1,2022-12-25,,Active,1732.0,9.0,Annual,7
2259,2259,1,2025-04-11,,Active,913.0,18.0,Annual,4
2383,2383,1,2024-05-15,,Active,2843.0,3.0,Annual,11
2529,2529,1,2024-06-25,,Active,2011.0,7.0,Annual,8
2554,2554,4,2023-07-11,,Active,151295.0,17.0,Annual,116
2555,2555,3,2025-01-03,,Active,37024.0,28.72125708252937,Annual,50
2575,2575,1,2023-04-29,,Active,734.0,13.0,Monthly,3
2608,2608,3,2023-01-25,,Active,14407.0,14.0,Annual,16
2620,2620,4,2024-03-13,,Active,25733.0,13.0,Monthly,17
2668,2668,1,2026-03-03,,Active,2011.0,7.0,Annual,8
2698,2698,3,2026-01-07,,Active,44735.0,29.693640655740275,Annual,59
2705,2705,4,2024-08-06,,Active,61219.0,16.759530477534888,Annual,48
2713,2713,1,2025-03-11,,Active,1310.0,5.0,Monthly,5
2754,2754,2,2024-10-28,,Active,1558.0,13.984880765714353,Monthly,3
2761,2761,1,2024-05-09,,Active,1572.0,14.179078402694316,Monthly,7
2768,2768,3,2024-07-30,,Active,4274.0,4.0,Monthly,4
2803,2803,3,2025-08-22,,Active,62157.0,12.0,Annual,73
2845,2845,4,2025-09-24,,Active,109053.0,17.0,Annual,82
2899,2899,2,2025-08-04,,Active,2839.0,5.0,Annual,5
2920,2920,3,2026-03-05,,Active,48841.0,25.3109419373684,Monthly,65
2939,2939,4,2024-12-07,,Active,197739.0,31.27766895238743,Annual,166
3036,3036,2,2026-04-27,,Active,16651.0,5.0,Monthly,32
3054,3054,1,2024-05-02,,Active,768.0,31.0,Monthly,4
3166,3166,4,2026-05-02,,Active,71514.0,4.0,Monthly,45
3171,3171,4,2024-05-30,,Active,137615.0,7.0,Monthly,93
3225,3225,1,2025-07-08,,Active,960.0,14.50884180680612,Annual,4
3262,3262,2,2023-11-23,,Active,31147.0,5.0,Annual,62
3263,3263,2,2025-04-06,,Active,3918.0,5.0,Annual,7
3285,3285,4,2023-11-13,,Active,106645.0,7.0,Monthly,71
3295,3295,2,2022-11-14,,Active,31400.0,11.0,Annual,67
3297,3297,1,2026-02-16,,Active,548.0,4.0,Monthly,2
3344,3344,2,2025-07-24,,Active,5683.0,2.0,Annual,10
3421,3421,4,2024-07-12,,Active,33627.0,7.0,Monthly,21
3422,3422,2,2024-08-21,,Active,9439.0,7.0,Monthly,18
3470,3470,1,2024-11-14,,Active,2581.0,13.955677785108524,Annual,12
3583,3583,1,2024-03-27,,Active,530.0,7.0,Annual,2
3656,3656,1,2024-11-05,,Active,2489.0,7.0,Monthly,10
3669,3669,2,2023-05-02,,Active,4182.0,23.06388171240773,Annual,9
3685,3685,3,2026-04-07,,Active,13610.0,1.0,Annual,13
3805,3805,4,2025-09-02,,Active,53122.0,7.0,Monthly,34
3835,3835,2,2025-01-18,,Active,7352.0,8.0,Monthly,14
3840,3840,1,2025-06-02,,Active,1296.0,6.0,Monthly,5
3958,3958,1,2026-02-01,,Active,2872.0,2.0,Monthly,11
3966,3966,1,2025-03-10,,Active,2898.0,9.0,Monthly,12
4019,4019,3,2024-12-07,,Active,83310.0,14.0,Annual,102
4049,4049,3,2025-02-11,,Active,4230.0,5.0,Annual,4
4108,4108,4,2025-11-19,,Active,81175.0,17.0,Monthly,60
4192,4192,3,2026-05-05,,Active,60867.0,16.0,Annual,75
4197,4197,4,2026-01-10,,Active,133032.0,11.0,Annual,94
4281,4281,2,2023-06-08,,Active,7831.0,2.0,Annual,14
4306,4306,2,2024-10-22,,Active,3646.0,10.595885179618374,Annual,7
4376,4376,1,2025-07-31,,Active,2011.0,7.0,Monthly,8
4453,4453,3,2025-04-15,,Active,35797.0,6.0,Monthly,38
4480,4480,2,2026-03-08,,Active,5017.0,21.0,Monthly,11
4520,4520,1,2025-08-19,,Active,2323.0,4.0,Annual,9
4534,4534,3,2024-11-23,,Active,4634.0,16.0,Monthly,5
4562,4562,1,2025-08-16,,Active,2814.0,4.0,Annual,11
4576,4576,2,2025-03-31,,Active,5087.0,3.0,Monthly,9
4613,4613,2,2022-07-05,,Active,6925.0,7.0,Annual,13
4626,4626,3,2024-04-29,,Active,55699.0,12.0,Monthly,65
4654,4654,3,2025-08-15,,Active,98433.0,10.0,Annual,116
4719,4719,4,2025-05-29,,Active,148132.0,16.0,Annual,112
4759,4759,2,2025-08-22,,Active,3203.0,10.0,Annual,6
4788,4788,3,2024-02-21,,Active,24028.0,26.36565105510251,Monthly,29
4796,4796,1,2025-05-31,,Active,1310.0,5.0,Annual,5
4810,4810,3,2023-09-03,,Active,31839.0,12.0,Monthly,36
4819,4819,4,2022-06-24,,Active,201004.0,14.0,Monthly,151
4858,4858,1,2025-11-20,,Active,3393.0,8.0,Annual,14
4922,4922,2,2024-04-02,,Active,5161.0,11.0,Monthly,10
4953,4953,3,2025-08-26,,Active,66113.0,11.0,Annual,77
4988,4988,3,2023-08-09,,Active,46958.0,16.0,Annual,57
5009,5009,1,2025-11-29,,Active,2011.0,7.0,Monthly,8
5023,5023,1,2024-05-03,,Active,3089.0,3.0,Monthly,12
5036,5036,4,2026-01-12,,Active,154699.0,10.0,Annual,109
5046,5046,3,2024-07-23,,Active,37180.0,7.0,Monthly,40
5161,5161,1,2025-02-14,,Active,3299.0,4.0,Monthly,13
5199,5199,2,2024-10-02,,Active,5451.0,6.0,Monthly,10
5215,5215,4,2024-09-21,,Active,80557.0,9.0,Annual,54
5217,5217,1,2024-05-29,,Active,3196.0,7.0,Annual,13
5255,5255,2,2025-04-18,,Active,17555.0,8.0,Annual,35
5329,5329,4,2024-10-29,,Active,155064.0,9.0,Annual,108
5367,5367,4,2025-01-21,,Active,103614.0,27.3660254883786,Monthly,76
5370,5370,4,2023-09-27,,Active,95248.0,24.0,Annual,78
5398,5398,2,2025-08-15,,Active,36277.0,12.0,Monthly,79
5411,5411,3,2024-09-27,,Active,66539.0,7.0,Monthly,74
5428,5428,2,2025-06-22,,Active,7149.0,4.0,Monthly,13
5468,5468,2,2025-02-04,,Active,4217.0,10.0,Annual,8
5513,5513,4,2024-09-11,,Active,56636.0,15.0,Monthly,40
5535,5535,4,2024-05-22,,Active,218721.0,7.0,Annual,152
5566,5566,2,2024-01-17,,Active,4498.0,4.0,Monthly,8
5589,5589,2,2025-03-24,,Active,7638.0,35.0,Annual,21
5610,5610,4,2025-01-21,,Active,81442.0,8.0,Annual,54
5614,5614,3,2025-01-13,,Active,49053.0,6.0,Annual,53
5657,5657,1,2024-06-14,,Active,565.0,1.0,Monthly,2
5659,5659,3,2025-08-05,,Active,20634.0,9.0,Monthly,22
5678,5678,3,2024-09-22,,Active,4096.0,8.0,Annual,4
5717,5717,3,2023-12-31,,Active,26526.0,10.0,Monthly,29
5747,5747,3,2025-09-15,,Active,46511.0,4.0,Annual,49
5749,5749,2,2024-07-05,,Active,2339.0,3.0,Monthly,4
5754,5754,1,2024-03-25,,Active,2141.0,1.0,Monthly,8
5786,5786,2,2023-01-06,,Active,2540.0,15.0,Monthly,5
5855,5855,1,2025-04-13,,Active,3265.0,5.0,Monthly,13
5985,5985,1,2023-10-06,,Active,1160.0,19.64317490005684,Monthly,5
6051,6051,1,2023-11-12,,Active,2667.0,9.0,Annual,11
6058,6058,2,2024-10-14,,Active,5804.0,22.923143209721506,Annual,12
6092,6092,3,2023-01-05,,Active,101329.0,13.0,Monthly,124
6096,6096,3,2024-03-10,,Active,11021.0,6.0,Monthly,11
6100,6100,3,2024-08-03,,Active,27411.0,7.0,Annual,29
6117,6117,3,2023-05-25,,Active,126818.0,9.0,Annual,150
6134,6134,1,2024-08-13,,Active,1884.0,1.0,Annual,7
6149,6149,3,2024-06-28,,Active,67102.0,5.0,Monthly,73
6209,6209,1,2025-01-31,,Active,3651.0,1.0,Annual,14
6250,6250,1,2024-06-20,,Active,2033.0,6.0,Annual,8
6293,6293,3,2023-10-01,,Active,100336.0,9.0,Annual,117
6298,6298,2,2023-07-14,,Active,6605.0,24.35184062457798,Annual,13
6312,6312,1,2025-09-03,,Active,2374.0,23.96456832766438,Annual,10
6317,6317,1,2025-01-15,,Active,1283.0,7.0,Monthly,5
6330,6330,1,2025-04-05,,Active,525.0,8.0,Annual,2
6359,6359,1,2024-10-28,,Active,548.0,4.0,Annual,2
6362,6362,1,2024-08-16,,Active,1123.0,25.1516258606038,Monthly,5
6392,6392,4,2025-01-09,,Active,288860.0,11.0,Annual,214
6483,6483,1,2025-02-23,,Active,3089.0,3.0,Annual,12
6487,6487,1,2022-12-18,,Active,1884.0,1.0,Monthly,7
6505,6505,2,2026-02-12,,Active,2243.0,7.0,Monthly,4
6514,6514,2,2024-06-27,,Active,6627.0,11.0,Annual,13
6515,6515,2,2024-09-23,,Active,11275.0,12.0,Annual,23
6529,6529,4,2025-04-17,,Active,120502.0,5.0,Monthly,79
6545,6545,3,2024-07-16,,Active,20610.0,5.0,Monthly,21
6557,6557,4,2024-08-21,,Active,132858.0,12.0,Annual,95
6633,6633,1,2026-01-31,,Active,2254.0,11.746046873727106,Annual,9
6653,6653,3,2023-08-30,,Active,11894.0,21.11677100257879,Annual,15
6669,6669,1,2022-10-22,,Active,2435.0,9.0,Annual,10
6670,6670,4,2023-07-20,,Active,132704.0,25.98571380456025,Annual,102
6687,6687,1,2025-02-03,,Active,810.0,4.0,Annual,3
6693,6693,4,2024-10-17,,Active,98223.0,12.0,Monthly,69
6744,6744,3,2024-08-25,,Active,31650.0,5.0,Monthly,33
6781,6781,2,2025-12-06,,Active,6952.0,13.0,Monthly,14
6786,6786,3,2023-08-04,,Active,36689.0,6.0,Monthly,39
6814,6814,1,2023-01-14,,Active,3057.0,4.0,Monthly,12
6909,6909,2,2024-11-30,,Active,3381.0,5.0,Annual,6
6937,6937,1,2024-12-25,,Active,2348.0,3.0,Monthly,9
6981,6981,4,2025-06-06,,Active,132326.0,22.147737960896347,Annual,102
6997,6997,1,2025-05-09,,Active,1103.0,20.0,Monthly,5
7039,7039,2,2025-08-09,,Active,6624.0,4.0,Monthly,12
7058,7058,2,2024-06-05,,Active,32192.0,19.0,Monthly,76
7071,7071,3,2025-05-05,,Active,6853.0,10.0,Annual,7
7225,7225,3,2024-05-03,,Active,30295.0,14.0,Annual,35
7227,7227,2,2023-07-05,,Active,9399.0,19.664093733002872,Monthly,21
7280,7280,4,2025-11-22,,Active,62751.0,8.0,Annual,41
7319,7319,1,2025-04-12,,Active,2055.0,5.0,Annual,8
7342,7342,3,2024-06-11,,Active,15244.0,9.0,Annual,16
7357,7357,2,2023-09-23,,Active,7592.0,5.0,Annual,14
7359,7359,2,2025-04-01,,Active,1111.0,15.48675380802775,Annual,2
7407,7407,4,2025-11-29,,Active,89408.0,10.0,Annual,61
7429,7429,4,2023-06-10,,Active,274498.0,19.430739573606,Annual,210
7430,7430,1,2022-05-19,,Active,1527.0,7.0,Monthly,6
7486,7486,1,2024-04-14,,Active,2163.0,15.840974134353235,Annual,9
7497,7497,2,2023-11-22,,Active,25703.0,20.38674082935982,Monthly,63
7498,7498,2,2025-06-23,,Active,16708.0,10.0,Annual,34
7526,7526,3,2024-03-06,,Active,171655.0,13.0,Annual,217
7609,7609,3,2025-05-13,,Active,55399.0,24.21728519825765,Monthly,72
7663,7663,4,2025-04-04,,Active,41188.0,7.0,Annual,26
7710,7710,3,2026-01-06,,Active,32305.0,13.0,Monthly,37
7806,7806,2,2025-03-10,,Active,9439.0,7.0,Annual,18
7979,7979,4,2024-03-24,,Active,202819.0,11.0,Annual,147
8004,8004,4,2023-07-21,,Active,126410.0,7.0,Annual,85
8013,8013,3,2024-05-03,,Active,6663.0,19.774984219639684,Annual,7
8039,8039,2,2024-04-25,,Active,1664.0,9.0,Monthly,3
8085,8085,2,2022-02-23,,Active,6348.0,8.0,Monthly,12
8107,8107,2,2024-01-10,,Active,25609.0,14.0,Annual,56
8179,8179,2,2024-07-19,,Active,26592.0,15.0,Monthly,59
8186,8186,3,2024-06-16,,Active,63765.0,12.0,Annual,75
8236,8236,2,2025-07-09,,Active,1162.0,6.0,Monthly,2
8339,8339,3,2023-04-26,,Active,26320.0,21.0,Monthly,33
8340,8340,1,2025-02-02,,Active,3299.0,4.0,Monthly,13
8359,8359,4,2023-05-06,,Active,220148.0,21.0,Monthly,182
8371,8371,1,2026-03-01,,Active,2484.0,19.04188788865482,Monthly,11
8377,8377,1,2023-03-12,,Active,1639.0,12.187862531496194,Annual,7
8392,8392,1,2024-03-14,,Active,1838.0,15.0,Monthly,8
8400,8400,1,2025-05-02,,Active,1089.0,21.0,Annual,5
8424,8424,1,2025-08-22,,Active,542.0,5.0,Monthly,2
8642,8642,2,2024-09-24,,Active,6633.0,17.0,Annual,14
8646,8646,1,2023-03-22,,Active,1838.0,15.0,Annual,8
8712,8712,2,2023-10-02,,Active,2689.0,10.0,Monthly,5
8727,8727,2,2023-03-24,,Active,7372.0,1.0,Monthly,13
8775,8775,1,2023-02-23,,Active,792.0,13.23010550898804,Monthly,3
8799,8799,2,2024-09-22,,Active,7671.0,4.0,Monthly,14
8844,8844,2,2023-11-02,,Active,7592.0,5.0,Annual,14
8874,8874,2,2022-09-03,,Active,23783.0,22.49517220509302,Annual,50
8895,8895,4,2024-05-23,,Active,215599.0,10.0,Annual,155
8906,8906,1,2026-04-11,,Active,1770.0,7.0,Monthly,7
8924,8924,2,2026-01-04,,Active,1719.0,6.0,Monthly,3
8980,8980,3,2026-06-09,,Active,58864.0,7.0,Monthly,65
8982,8982,4,2023-04-08,,Active,93887.0,11.0,Annual,65
9050,9050,1,2026-01-01,,Active,2603.0,23.05363414900637,Monthly,13
9057,9057,1,2025-08-19,,Active,1770.0,7.0,Annual,7
9083,9083,1,2023-12-02,,Active,2033.0,6.0,Monthly,8
9104,9104,2,2024-08-26,,Active,3345.0,6.0,Annual,6
9112,9112,2,2024-10-24,,Active,34660.0,7.0,Monthly,71
9122,9122,1,2026-04-18,,Active,2784.0,5.0,Annual,11
9141,9141,2,2024-07-24,,Active,2243.0,7.0,Monthly,4
9157,9157,2,2024-09-12,,Active,7372.0,1.0,Monthly,13
9229,9229,3,2024-12-01,,Active,59923.0,8.0,Monthly,67
9269,9269,1,2025-03-12,,Active,3025.0,5.0,Monthly,12
9272,9272,1,2023-05-10,,Active,819.0,3.0,Monthly,3
9313,9313,2,2025-10-02,,Active,1075.0,13.0,Annual,2
9365,9365,3,2025-10-04,,Active,43780.0,6.0,Monthly,47
9399,9399,1,2024-09-01,,Active,1310.0,5.0,Monthly,5
9434,9434,2,2026-01-23,,Active,2412.0,0.0,Annual,4
9465,9465,1,2025-01-26,,Active,3402.0,1.0,Monthly,13
9477,9477,4,2024-02-16,,Active,83984.0,18.0,Annual,63
9505,9505,3,2023-12-02,,Active,53713.0,7.0,Monthly,59
9518,9518,2,2025-12-09,,Active,17971.0,18.693070366108724,Annual,40
9557,9557,3,2022-04-28,,Active,75003.0,7.0,Annual,84
9562,9562,3,2025-04-13,,Active,63835.0,13.0,Annual,76
9565,9565,2,2024-09-08,,Active,39102.0,4.0,Monthly,78
9636,9636,2,2024-06-04,,Active,13035.0,6.0,Monthly,25
9694,9694,3,2025-10-15,,Active,45101.0,12.0,Monthly,52
9703,9703,4,2024-01-23,,Active,49695.0,13.0,Monthly,34
9720,9720,1,2023-12-02,,Active,3093.0,10.0,Annual,13
9724,9724,2,2025-01-08,,Active,24644.0,21.95437992543301,Monthly,54
9768,9768,3,2023-11-14,,Active,52055.0,14.0,Monthly,62
9794,9794,1,2026-03-23,,Active,1990.0,8.0,Monthly,8
9803,9803,2,2026-06-28,,Active,4639.0,1.0,Annual,8
9836,9836,3,2022-12-02,,Active,65536.0,6.0,Monthly,72
9855,9855,3,2025-06-07,,Active,23961.0,13.0,Annual,27
9866,9866,1,2024-04-23,,Active,3231.0,6.0,Monthly,13
9913,9913,2,2024-02-12,,Active,998.0,23.886134775481835,Annual,2
9947,9947,2,2025-06-23,,Active,6831.0,1.0,Monthly,12
9995,9995,3,2025-03-11,,Active,52813.0,10.0,Monthly,60
10006,10006,3,2023-11-21,,Active,66930.0,4.0,Annual,72
10160,10160,1,2025-04-09,,Active,1338.0,3.0,Monthly,5
10214,10214,1,2023-05-30,,Active,793.0,6.0,Monthly,3
10238,10238,3,2026-05-15,,Active,63814.0,6.0,Monthly,70
10246,10246,1,2024-11-18,,Active,1495.0,9.0,Monthly,6
10268,10268,3,2025-10-02,,Active,16767.0,15.0,Monthly,19
10289,10289,3,2023-07-01,,Active,64628.0,13.0,Annual,77
10299,10299,4,2024-01-07,,Active,139014.0,32.0,Annual,131
10304,10304,1,2025-10-17,,Active,2956.0,14.0,Annual,13
10316,10316,3,2024-07-27,,Active,69562.0,4.0,Annual,75
10322,10322,1,2025-06-29,,Active,3368.0,2.0,Monthly,13
10330,10330,3,2024-10-11,,Active,143673.0,21.0,Monthly,199
10376,10376,2,2024-08-01,,Active,3558.0,0.0,Annual,6
10429,10429,3,2024-06-22,,Active,66036.0,10.0,Monthly,76
10432,10432,1,2025-10-18,,Active,530.0,7.0,Monthly,2
10457,10457,1,2022-12-12,,Active,1080.0,3.0,Monthly,4
10490,10490,1,2024-01-08,,Active,950.0,7.256243761724301,Annual,4
10516,10516,2,2025-02-02,,Active,4545.0,3.0,Annual,8
10529,10529,2,2024-11-20,,Active,7032.0,12.0,Annual,14
10539,10539,2,2026-02-04,,Active,28326.0,23.687188948939134,Annual,69
10578,10578,3,2024-10-29,,Active,49476.0,10.0,Annual,56
10591,10591,1,2025-06-04,,Active,2569.0,4.0,Monthly,10
10606,10606,3,2025-12-26,,Active,63180.0,3.0,Annual,67
10704,10704,1,2025-12-29,,Active,1884.0,1.0,Annual,7
10745,10745,1,2024-11-19,,Active,1429.0,13.0,Annual,6
10771,10771,3,2024-03-25,,Active,32562.0,10.0,Monthly,36
10776,10776,1,2024-08-24,,Active,2098.0,3.0,Annual,8
10780,10780,2,2025-07-09,,Active,4042.0,2.0,Monthly,7
10808,10808,1,2025-12-27,,Active,1511.0,8.0,Monthly,6
10855,10855,2,2026-01-07,,Active,5087.0,3.0,Monthly,9
10883,10883,4,2023-05-24,,Active,219677.0,11.0,Annual,160
10941,10941,3,2024-01-04,,Active,26513.0,7.0,Annual,28
10973,10973,2,2025-03-04,,Active,16982.0,11.0,Annual,35
10974,10974,3,2024-04-17,,Active,32206.0,15.222014182903775,Annual,42
11021,11021,1,2025-12-23,,Active,728.0,19.35578159438134,Monthly,3
11068,11068,2,2025-05-05,,Active,5300.0,27.077356061631814,Annual,13
11117,11117,3,2024-09-17,,Active,164201.0,13.0,Annual,207
11188,11188,2,2025-10-18,,Active,9760.0,13.0,Annual,20
11225,11225,2,2025-03-16,,Active,3309.0,7.0,Annual,6
11261,11261,2,2025-08-13,,Active,4545.0,3.0,Monthly,8
11277,11277,4,2022-09-15,,Active,128326.0,30.98182362023768,Annual,103
11348,11348,1,2024-10-13,,Active,734.0,13.0,Annual,3
11410,11410,1,2026-01-19,,Active,3025.0,5.0,Monthly,12
11414,11414,3,2026-03-24,,Active,11776.0,21.24314272042773,Monthly,15
11425,11425,3,2024-10-11,,Active,21761.0,8.0,Monthly,23
11457,11457,2,2024-11-19,,Active,4877.0,7.0,Monthly,9
11474,11474,1,2025-08-30,,Active,3393.0,8.0,Annual,14
11478,11478,2,2026-03-13,,Active,25893.0,5.0,Monthly,51
11496,11496,2,2024-03-27,,Active,1024.0,20.807924989516778,Annual,2
11499,11499,2,2025-12-25,,Active,2839.0,5.0,Monthly,5
11527,11527,2,2022-03-05,,Active,2388.0,1.0,Annual,4
11639,11639,1,2025-12-09,,Active,1495.0,9.0,Monthly,6
11650,11650,4,2024-09-05,,Active,33300.0,30.722034010808223,Annual,27
11662,11662,2,2025-11-21,,Active,2739.0,22.343035262832597,Annual,6
11789,11789,4,2025-08-19,,Active,121770.0,4.0,Monthly,79
11833,11833,1,2026-01-16,,Active,1365.0,1.0,Monthly,5
11861,11861,1,2025-02-08,,Active,1884.0,1.0,Monthly,7
11877,11877,1,2023-10-21,,Active,3059.0,11.0,Annual,13
11883,11883,3,2022-12-29,,Active,58642.0,26.519465356371185,Monthly,78
11941,11941,2,2025-11-01,,Active,30514.0,4.0,Monthly,60
12008,12008,1,2024-10-14,,Active,827.0,2.0,Monthly,3
12050,12050,2,2025-03-24,,Active,2549.0,12.967119350046111,Annual,5
12095,12095,3,2024-05-25,,Active,44187.0,7.0,Annual,48
12103,12103,3,2023-08-14,,Active,59923.0,8.0,Monthly,67
12136,12136,1,2024-10-14,,Active,3025.0,20.97927431341332,Annual,14
12148,12148,1,2025-01-25,,Active,1091.0,2.0,Annual,4
12176,12176,3,2024-01-16,,Active,35863.0,23.0,Monthly,47
12218,12218,1,2024-05-07,,Active,3578.0,3.0,Annual,14
12239,12239,1,2025-01-06,,Active,3541.0,4.0,Monthly,14
12244,12244,2,2025-10-05,,Active,4452.0,5.0,Monthly,8
12276,12276,1,2022-04-09,,Active,1429.0,13.0,Annual,6
12321,12321,3,2024-03-29,,Active,37080.0,5.0,Monthly,39
12357,12357,3,2022-11-24,,Active,47517.0,15.0,Annual,57
12358,12358,2,2023-09-24,,Active,19239.0,9.0,Annual,39
12375,12375,4,2023-12-13,,Active,104352.0,9.0,Monthly,71
12392,12392,1,2025-09-03,,Active,3057.0,4.0,Monthly,12
12436,12436,2,2023-03-25,,Active,4083.0,1.0,Annual,7
12473,12473,2,2024-10-12,,Active,1174.0,5.0,Annual,2
12586,12586,2,2025-06-26,,Active,1646.0,10.0,Monthly,3
12587,12587,3,2024-07-07,,Active,45398.0,16.0,Annual,55
12588,12588,1,2024-07-20,,Active,2872.0,2.0,Monthly,11
12590,12590,4,2023-03-19,,Active,168013.0,16.0,Annual,128
12592,12592,1,2025-10-01,,Active,2609.0,11.0,Monthly,11
12602,12602,1,2024-11-23,,Active,519.0,8.267738852477006,Monthly,2
12617,12617,4,2023-02-21,,Active,109226.0,6.0,Annual,72
12673,12673,2,2025-08-22,,Active,13242.0,8.0,Monthly,26
12693,12693,1,2025-08-27,,Active,2299.0,5.0,Annual,9
12720,12720,2,2026-05-16,,Active,6693.0,3.0,Monthly,12
12728,12728,3,2025-04-12,,Active,48876.0,18.0,Monthly,61
12734,12734,2,2025-07-24,,Active,33632.0,6.0,Annual,68
12772,12772,2,2025-04-30,,Active,1137.0,8.0,Annual,2
12819,12819,2,2025-04-26,,Active,1792.0,2.0,Monthly,3
12832,12832,1,2022-11-10,,Active,3467.0,6.0,Annual,14
12867,12867,2,2022-11-01,,Active,4871.0,16.0,Monthly,10
12923,12923,3,2023-04-16,,Active,32562.0,10.0,Annual,36
12931,12931,2,2024-03-17,,Active,7372.0,1.0,Annual,13
12951,12951,4,2023-11-15,,Active,232425.0,8.0,Annual,164
12962,12962,2,2024-09-05,,Active,32434.0,4.0,Annual,64
12990,12990,1,2022-12-21,,Active,819.0,3.0,Monthly,3
13010,13010,3,2023-12-02,,Active,60372.0,20.4250573642082,Annual,84
13113,13113,2,2025-06-09,,Active,1591.0,13.0,Annual,3
13155,13155,1,2023-02-21,,Active,548.0,4.0,Monthly,2
13213,13213,3,2025-05-30,,Active,44187.0,7.0,Annual,48
13215,13215,2,2023-04-18,,Active,6555.0,5.0,Monthly,12
13230,13230,2,2024-10-18,,Active,1810.0,1.0,Monthly,3
13240,13240,2,2025-12-29,,Active,21331.0,10.0,Annual,44
13254,13254,2,2023-11-30,,Active,5741.0,1.0,Annual,10
13267,13267,4,2026-04-23,,Active,220323.0,33.0,Annual,217
13308,13308,1,2023-05-21,,Active,3121.0,2.0,Annual,12
13325,13325,1,2025-12-11,,Active,1102.0,1.0,Annual,4
13412,13412,1,2024-12-05,,Active,559.0,2.0,Monthly,2
13422,13422,4,2024-01-11,,Active,250964.0,9.0,Annual,180
13468,13468,2,2023-01-19,,Active,2412.0,0.0,Monthly,4
13481,13481,2,2024-11-30,,Active,7149.0,4.0,Monthly,13
13513,13513,2,2025-12-26,,Active,4083.0,1.0,Annual,7
13539,13539,4,2025-11-14,,Active,82783.0,14.0,Monthly,59
13552,13552,2,2023-06-03,,Active,5271.0,17.0,Annual,11
13562,13562,1,2025-07-05,,Active,1732.0,9.0,Annual,7
13575,13575,4,2024-07-17,,Active,27310.0,22.97940205479317,Annual,21
13592,13592,4,2025-11-08,,Active,154768.0,21.289993092494896,Annual,127
13618,13618,2,2023-08-04,,Active,1123.0,18.62764638502177,Monthly,2
13637,13637,2,2023-11-23,,Active,6831.0,1.0,Monthly,12
13647,13647,2,2025-06-26,,Active,1572.0,14.0,Monthly,3
13704,13704,1,2024-07-20,,Active,2009.0,17.0,Annual,9
13766,13766,1,2025-04-19,,Active,3061.0,17.0,Annual,14
13806,13806,4,2025-01-11,,Active,57124.0,10.0,Monthly,38
13885,13885,2,2026-01-07,,Active,33274.0,7.0,Annual,68
13892,13892,3,2026-01-12,,Active,134339.0,26.017354045564943,Annual,190
13997,13997,1,2025-05-18,,Active,2818.0,18.0,Monthly,13
14004,14004,2,2025-07-18,,Active,21805.0,8.0,Annual,44
14020,14020,2,2023-11-05,,Active,1511.0,25.27225598072876,Annual,3
14225,14225,1,2025-01-21,,Active,3614.0,2.0,Annual,14
14249,14249,2,2024-12-30,,Active,1162.0,6.0,Monthly,2
14270,14270,4,2024-11-27,,Active,134854.0,6.0,Monthly,90
14271,14271,1,2024-06-24,,Active,2516.0,6.0,Monthly,10
14279,14279,3,2025-08-20,,Active,59719.0,7.0,Monthly,66
14289,14289,4,2022-10-04,,Active,71269.0,10.0,Annual,48
14309,14309,1,2025-06-01,,Active,835.0,1.0,Annual,3
14312,14312,2,2026-05-17,,Active,3167.0,11.0,Annual,6
14362,14362,1,2024-06-13,,Active,1495.0,9.0,Annual,6
14388,14388,1,2024-03-05,,Active,1751.0,8.0,Monthly,7
14393,14393,1,2026-02-22,,Active,468.0,18.0,Annual,2
14532,14532,4,2024-12-24,,Active,80557.0,9.0,Annual,54
14549,14549,3,2025-04-01,,Active,14310.0,3.0,Annual,14
14642,14642,3,2024-06-22,,Active,2213.0,3.0,Annual,2
14674,14674,4,2025-11-13,,Active,199532.0,13.0,Monthly,148
14690,14690,4,2024-04-26,,Active,275218.0,7.0,Annual,194
14706,14706,2,2024-12-06,,Active,15307.0,10.0,Monthly,31
14732,14732,2,2024-07-22,,Active,3217.0,22.0,Monthly,7
14743,14743,2,2025-06-15,,Active,2958.0,1.0,Annual,5
14778,14778,3,2022-12-18,,Active,19883.0,4.0,Annual,20
14803,14803,1,2022-06-28,,Active,3578.0,3.0,Annual,14
14827,14827,2,2025-08-06,,Active,3523.0,1.0,Annual,6
14837,14837,3,2024-10-31,,Active,22166.0,10.0,Monthly,24
14970,14970,2,2024-03-17,,Active,1083.0,15.965132420954896,Monthly,2
14977,14977,1,2026-06-03,,Active,923.0,27.84501805992646,Annual,4
15049,15049,1,2024-02-15,,Active,2516.0,6.0,Monthly,10
15186,15186,2,2025-09-24,,Active,1719.0,6.0,Monthly,3
15189,15189,1,2022-04-09,,Active,2021.0,25.82116046953674,Monthly,9
15193,15193,2,2025-03-02,,Active,23000.0,5.0,Monthly,45
15195,15195,3,2025-12-15,,Active,8564.0,1.0,Annual,8
15207,15207,2,2026-01-06,,Active,6624.0,4.0,Annual,12
15256,15256,1,2023-12-07,,Active,2995.0,15.489958337786195,Annual,13
15315,15315,1,2025-09-28,,Active,1968.0,24.46321143169654,Annual,9
15368,15368,1,2025-08-05,,Active,645.0,32.996720738763685,Monthly,3
15380,15380,3,2025-06-19,,Active,5518.0,16.0,Monthly,6
15389,15389,1,2024-10-19,,Active,1846.0,3.0,Monthly,7
15412,15412,2,2024-05-08,,Active,17265.0,7.0,Monthly,34
15472,15472,2,2022-08-11,,Active,4929.0,6.0,Monthly,9
15508,15508,3,2022-06-19,,Active,37651.0,8.0,Annual,41
15612,15612,1,2024-05-11,,Active,3224.0,19.16688759705788,Monthly,14
15628,15628,3,2024-06-09,,Active,50010.0,12.0,Annual,58
15639,15639,1,2025-07-20,,Active,2521.0,14.0,Monthly,11
15642,15642,2,2023-09-24,,Active,3309.0,7.0,Annual,6
15694,15694,1,2025-04-29,,Active,879.0,21.0,Annual,4
15741,15741,1,2026-03-24,,Active,2372.0,2.0,Monthly,9
15774,15774,3,2025-11-17,,Active,24758.0,16.0,Monthly,29
15791,15791,1,2024-08-22,,Active,819.0,3.0,Monthly,3
15858,15858,1,2026-01-30,,Active,3651.0,1.0,Monthly,14
15909,15909,3,2025-02-01,,Active,79191.0,8.0,Annual,90
15962,15962,1,2026-03-15,,Active,3504.0,5.0,Monthly,14
16009,16009,3,2024-01-16,,Active,38951.0,24.0,Annual,52
16036,16036,3,2024-11-25,,Active,26440.0,4.0,Monthly,27
16048,16048,1,2025-01-08,,Active,2119.0,2.0,Monthly,8
16073,16073,3,2022-07-17,,Active,58235.0,21.148475464668216,Monthly,72
16131,16131,3,2025-03-30,,Active,78371.0,7.0,Monthly,88
16241,16241,1,2025-08-20,,Active,1338.0,3.0,Annual,5
16280,16280,2,2023-03-18,,Active,6627.0,11.0,Monthly,13
16284,16284,3,2025-10-18,,Active,142657.0,8.0,Annual,168
16348,16348,2,2025-07-06,,Active,24985.0,10.0,Monthly,52
16353,16353,1,2023-04-21,,Active,1827.0,4.0,Monthly,7
16381,16381,1,2024-06-13,,Active,1626.0,1.0,Monthly,6
16405,16405,4,2024-05-27,,Active,199835.0,10.0,Annual,143
16487,16487,4,2025-08-14,,Active,159592.0,11.0,Monthly,114
16664,16664,2,2024-10-29,,Active,2009.0,13.125663118764717,Annual,4
16705,16705,1,2023-04-11,,Active,2323.0,4.0,Monthly,9
16712,16712,4,2022-12-11,,Active,186033.0,9.0,Monthly,131
16769,16769,3,2023-03-09,,Active,57793.0,10.0,Monthly,66
16799,16799,1,2024-11-18,,Active,1013.0,9.0,Annual,4
16832,16832,2,2023-03-07,,Active,1755.0,4.0,Annual,3
16883,16883,1,2026-01-24,,Active,2372.0,2.0,Annual,9
16905,16905,1,2026-02-05,,Active,3129.0,13.520847342506247,Annual,14
16933,16933,3,2026-02-20,,Active,161632.0,17.0,Annual,214
16956,16956,2,2026-04-09,,Active,37473.0,8.0,Annual,78
16963,16963,3,2025-10-17,,Active,26974.0,16.694130253612826,Annual,32
16996,16996,3,2025-01-24,,Active,6438.0,2.0,Monthly,6
17010,17010,1,2026-02-01,,Active,2009.0,17.0,Monthly,9
17072,17072,3,2024-11-18,,Active,38010.0,20.0,Monthly,48
17095,17095,4,2022-03-31,,Active,59975.0,15.380146532834516,Monthly,42
17147,17147,2,2025-05-24,,Active,25145.0,6.0,Monthly,50
17352,17352,1,2025-06-08,,Active,2323.0,4.0,Monthly,9
17368,17368,2,2024-03-17,,Active,4124.0,12.0,Monthly,8
17378,17378,4,2025-01-21,,Active,264795.0,23.264296687322297,Annual,201
17430,17430,4,2022-11-13,,Active,270606.0,9.0,Annual,195
17432,17432,3,2025-10-16,,Active,21919.0,11.0,Monthly,24
17555,17555,2,2022-12-26,,Active,17564.0,34.05234814351047,Monthly,48
17565,17565,3,2025-11-21,,Active,49053.0,6.0,Annual,53
17606,17606,2,2025-01-25,,Active,5087.0,3.0,Annual,9
17648,17648,1,2024-01-21,,Active,3121.0,2.0,Annual,12
17710,17710,2,2026-02-14,,Active,7074.0,5.0,Annual,13
17724,17724,2,2023-12-28,,Active,1174.0,5.0,Monthly,2
17745,17745,4,2025-12-31,,Active,227235.0,14.0,Monthly,172
17774,17774,4,2025-10-17,,Active,189790.0,11.0,Monthly,137
17794,17794,2,2024-08-21,,Active,10365.0,3.0,Annual,19
17800,17800,3,2024-02-11,,Active,24447.0,8.0,Monthly,26
17818,17818,2,2024-08-02,,Active,6348.0,8.0,Monthly,12
17819,17819,2,2025-10-22,,Active,2339.0,3.0,Monthly,4
17838,17838,2,2025-04-09,,Active,7751.0,3.0,Monthly,14
17862,17862,2,2025-08-01,,Active,11545.0,6.0,Monthly,22
17920,17920,4,2024-07-16,,Active,95996.0,9.0,Annual,65
17923,17923,1,2026-01-07,,Active,3075.0,19.297263750887204,Monthly,13
17929,17929,4,2025-10-29,,Active,120313.0,4.0,Monthly,78
17960,17960,1,2026-01-08,,Active,3153.0,1.0,Annual,12
17974,17974,1,2023-09-02,,Active,3368.0,2.0,Monthly,13
17993,17993,4,2023-02-10,,Active,69976.0,8.0,Monthly,46
17998,17998,1,2022-07-20,,Active,2843.0,3.0,Annual,11
18009,18009,3,2025-11-10,,Active,62995.0,21.0,Annual,83
18013,18013,1,2024-05-08,,Active,1593.0,3.0,Monthly,6
18050,18050,2,2025-11-18,,Active,1013.0,18.0,Monthly,2
18057,18057,2,2023-09-20,,Active,4592.0,2.0,Monthly,8
18088,18088,2,2023-03-28,,Active,5906.0,7.0,Monthly,11
18104,18104,3,2024-06-29,,Active,21997.0,7.0,Monthly,23
18130,18130,3,2022-06-14,,Active,64675.0,6.0,Monthly,71
18148,18148,3,2025-09-06,,Active,80054.0,15.0,Annual,99
18211,18211,2,2022-06-21,,Active,3671.0,11.0,Annual,7
18219,18219,3,2022-12-29,,Active,23410.0,15.0,Annual,27
18303,18303,3,2024-05-21,,Active,14574.0,13.0,Monthly,16
18307,18307,3,2025-02-14,,Active,53713.0,7.0,Monthly,59
18349,18349,1,2026-02-28,,Active,1024.0,8.0,Annual,4
18516,18516,1,2026-02-16,,Active,1694.0,11.0,Annual,7
18605,18605,3,2025-10-06,,Active,13425.0,9.0,Monthly,14
18606,18606,1,2025-01-19,,Active,1622.0,33.0,Annual,9
18662,18662,1,2024-02-27,,Active,2596.0,3.0,Monthly,10
18682,18682,2,2025-06-21,,Active,21059.0,5.0,Annual,41
18710,18710,2,2023-09-20,,Active,3298.0,18.447149451368418,Annual,7
18720,18720,3,2024-10-07,,Active,11372.0,3.0,Annual,11
18732,18732,1,2024-05-07,,Active,844.0,0.0,Annual,3
18752,18752,4,2025-11-08,,Active,125050.0,8.0,Annual,85
18783,18783,2,2025-12-15,,Active,1091.0,12.448083090029822,Annual,2
18808,18808,1,2023-11-12,,Active,1511.0,8.0,Monthly,6
18811,18811,3,2024-02-12,,Active,2122.0,7.0,Monthly,2
18861,18861,1,2025-11-18,,Active,1280.0,21.333789886473493,Annual,6
18887,18887,4,2025-08-04,,Active,102058.0,11.0,Monthly,71
18901,18901,2,2022-05-15,,Active,14528.0,9.0,Monthly,29
18902,18902,2,2025-01-16,,Active,35717.0,9.0,Monthly,75
18914,18914,1,2024-05-07,,Active,2872.0,2.0,Monthly,11
18943,18943,1,2023-01-20,,Active,2409.0,10.0,Annual,10
18997,18997,2,2025-08-13,,Active,5451.0,6.0,Monthly,10
19002,19002,3,2024-05-26,,Active,61612.0,8.0,Monthly,69
19036,19036,4,2024-05-12,,Active,71415.0,8.0,Monthly,47
19073,19073,3,2026-06-04,,Active,12101.0,5.0,Monthly,12
19079,19079,2,2023-08-18,,Active,22990.0,3.0,Annual,44
19095,19095,2,2023-06-11,,Active,6210.0,10.0,Monthly,12
19107,19107,1,2025-05-17,,Active,3089.0,3.0,Annual,12
19198,19198,2,2023-12-25,,Active,12065.0,13.0,Annual,25
19221,19221,3,2026-03-23,,Active,3207.0,5.0,Monthly,3
19266,19266,2,2026-03-14,,Active,3176.0,24.960118022532363,Monthly,6
19444,19444,2,2026-04-26,,Active,1664.0,9.0,Monthly,3
19456,19456,3,2026-04-08,,Active,66664.0,8.0,Monthly,75
19468,19468,1,2022-10-26,,Active,2707.0,15.0,Monthly,12
19491,19491,1,2025-09-22,,Active,2596.0,3.0,Annual,10
19508,19508,2,2025-12-18,,Active,3983.0,15.0,Annual,8
19560,19560,1,2024-10-21,,Active,3651.0,1.0,Monthly,14
19563,19563,1,2025-01-20,,Active,1808.0,5.0,Annual,7
19676,19676,3,2025-04-16,,Active,24232.0,15.0,Annual,28
19694,19694,1,2026-04-06,,Active,1925.0,11.0,Monthly,8
19729,19729,2,2023-12-07,,Active,9228.0,4.0,Monthly,17
19746,19746,2,2025-12-20,,Active,10770.0,4.0,Annual,20
19769,19769,1,2025-10-12,,Active,3282.0,11.0,Monthly,14
19777,19777,1,2024-05-28,,Active,2420.0,0.0,Monthly,9
19794,19794,2,2025-06-24,,Active,6690.0,14.268638890747802,Monthly,14
19811,19811,2,2025-02-10,,Active,2958.0,1.0,Monthly,5
19926,19926,3,2023-12-24,,Active,5240.0,5.0,Annual,5
19943,19943,3,2025-02-13,,Active,134100.0,14.0,Annual,169
20071,20071,1,2023-11-09,,Active,3153.0,1.0,Monthly,12
20082,20082,3,2025-07-25,,Active,65108.0,9.0,Monthly,74
20131,20131,2,2024-06-22,,Active,1199.0,3.0,Monthly,2
20162,20162,3,2024-01-22,,Active,40616.0,11.0,Monthly,46
20218,20218,1,2026-01-08,,Active,2076.0,4.0,Annual,8
20244,20244,2,2026-03-02,,Active,30407.0,10.0,Monthly,64
20288,20288,3,2026-02-01,,Active,105987.0,9.0,Monthly,124
20296,20296,1,2024-03-17,,Active,3103.0,26.85794869396389,Monthly,14
20335,20335,2,2025-01-24,,Active,3487.0,2.0,Monthly,6
20357,20357,4,2024-08-09,,Active,115141.0,7.0,Annual,77
20391,20391,2,2025-03-13,,Active,14361.0,7.0,Monthly,28
20402,20402,2,2026-02-18,,Active,14528.0,9.0,Annual,29
20457,20457,2,2023-06-04,,Active,2267.0,6.0,Annual,4
20480,20480,2,2024-11-21,,Active,2882.0,19.0,Annual,6
20493,20493,2,2024-07-24,,Active,4592.0,2.0,Monthly,8
20516,20516,2,2022-03-09,,Active,4545.0,3.0,Monthly,8
20574,20574,2,2025-12-27,,Active,1186.0,4.0,Monthly,2
20595,20595,1,2024-06-21,,Active,2141.0,1.0,Monthly,8
20597,20597,1,2025-02-12,,Active,1293.0,7.267937041041698,Annual,5
20677,20677,3,2025-08-22,,Active,46293.0,8.0,Monthly,51
20686,20686,4,2023-02-21,,Active,122704.0,24.0,Annual,102
20711,20711,4,2024-06-30,,Active,182658.0,8.0,Annual,127
20797,20797,1,2025-05-25,,Active,1610.0,2.0,Annual,6
20821,20821,4,2024-12-31,,Active,40857.0,21.071413887201217,Monthly,28
20940,20940,1,2022-09-08,,Active,2141.0,1.0,Monthly,8
20947,20947,1,2025-04-20,,Active,1057.0,5.0,Annual,4
20987,20987,1,2024-08-28,,Active,1808.0,5.0,Monthly,7
20988,20988,2,2026-04-03,,Active,3167.0,11.0,Monthly,6
20992,20992,1,2023-09-14,,Active,974.0,27.526464641975885,Annual,5
21026,21026,1,2023-10-02,,Active,1560.0,5.0,Monthly,6
21126,21126,2,2024-08-11,,Active,4264.0,9.0,Monthly,8
21146,21146,1,2024-11-09,,Active,835.0,1.0,Annual,3
21156,21156,3,2025-08-31,,Active,12965.0,21.17542049026711,Monthly,14
21170,21170,1,2025-03-11,,Active,2081.0,14.0,Annual,9
21189,21189,1,2024-08-26,,Active,930.0,16.788522215058613,Annual,4
21277,21277,2,2025-12-02,,Active,6417.0,7.0,Monthly,12
21287,21287,2,2025-10-28,,Active,2219.0,8.0,Monthly,4
21288,21288,1,2025-06-28,,Active,3467.0,6.0,Monthly,14
21504,21504,2,2023-10-18,,Active,3523.0,1.0,Monthly,6
21512,21512,1,2024-09-20,,Active,473.0,17.0,Annual,2
21526,21526,2,2025-12-31,,Active,7671.0,4.0,Annual,14
21542,21542,1,2024-07-29,,Active,2596.0,3.0,Monthly,10
21561,21561,1,2025-03-08,,Active,2275.0,6.0,Monthly,9
21608,21608,1,2026-06-15,,Active,2834.0,11.0,Monthly,12
21682,21682,3,2024-02-20,,Active,57704.0,15.0,Monthly,70
21751,21751,3,2023-07-31,,Active,15747.0,6.0,Monthly,16
21783,21783,2,2025-05-10,,Active,4498.0,4.0,Monthly,8
21823,21823,1,2025-03-24,,Active,2163.0,0.0,Annual,8
22031,22031,2,2024-12-23,,Active,20408.0,12.0,Annual,43
22041,22041,2,2024-12-04,,Active,1627.0,11.0,Annual,3
22106,22106,2,2025-12-05,,Active,2388.0,1.0,Monthly,4
22110,22110,1,2024-10-11,,Active,1200.0,13.0,Monthly,5
22139,22139,1,2023-09-13,,Active,1560.0,14.018143687069951,Monthly,7
22154,22154,1,2023-06-10,,Active,2435.0,9.0,Monthly,10
22199,22199,1,2026-06-25,,Active,1046.0,6.0,Annual,4
22215,22215,1,2024-10-15,,Active,2119.0,2.0,Monthly,8
22217,22217,2,2024-08-13,,Active,6831.0,1.0,Annual,12
22290,22290,3,2026-01-12,,Active,20181.0,11.0,Monthly,22
22291,22291,2,2025-12-01,,Active,2565.0,14.56739470343136,Annual,5
22293,22293,3,2025-12-30,,Active,60038.0,15.0,Annual,73
22297,22297,3,2025-04-15,,Active,16504.0,7.0,Monthly,17
22340,22340,2,2025-01-10,,Active,7372.0,1.0,Annual,13
22343,22343,3,2025-06-21,,Active,13335.0,3.0,Monthly,13
22350,22350,4,2025-10-29,,Active,33988.0,6.0,Monthly,21
22372,22372,1,2024-01-06,,Active,2228.0,10.095398987304936,Annual,9
22416,22416,2,2024-11-22,,Active,7592.0,5.0,Annual,14
22447,22447,3,2026-05-02,,Active,25658.0,10.0,Monthly,28
22475,22475,2,2022-09-28,,Active,5683.0,2.0,Annual,10
22485,22485,2,2024-07-20,,Active,11423.0,7.0,Monthly,22
22487,22487,2,2024-08-25,,Active,2315.0,4.0,Monthly,4
22492,22492,3,2025-10-19,,Active,65420.0,13.0,Annual,78
22541,22541,1,2025-01-30,,Active,1485.0,20.58283088002325,Annual,7
22573,22573,2,2024-11-09,,Active,6616.0,20.80736346927089,Monthly,14
22593,22593,1,2025-10-19,,Active,1865.0,2.0,Annual,7
22599,22599,1,2026-02-04,,Active,1057.0,5.0,Annual,4
22603,22603,4,2023-11-26,,Active,238408.0,31.113436006857896,Annual,209
22605,22605,1,2025-08-28,,Active,1610.0,2.0,Monthly,6
22662,22662,3,2025-07-10,,Active,7081.0,7.0,Monthly,7
22676,22676,2,2023-07-05,,Active,3655.0,19.032946400261228,Monthly,7
22710,22710,1,2022-11-03,,Active,732.0,8.260593289757889,Annual,3
22756,22756,1,2024-08-05,,Active,692.0,18.0,Monthly,3
22768,22768,2,2025-08-19,,Active,5969.0,6.0,Annual,11
22825,22825,4,2024-09-27,,Active,32501.0,14.0,Annual,22
22836,22836,2,2023-12-05,,Active,4841.0,12.079311667654558,Annual,9
22914,22914,1,2024-12-07,,Active,1560.0,5.0,Annual,6
22915,22915,1,2022-11-13,,Active,1430.0,23.586161113518287,Monthly,6
22949,22949,4,2023-08-03,,Active,90793.0,10.0,Annual,62
22999,22999,3,2023-03-26,,Active,56625.0,5.0,Monthly,61
23108,23108,2,2024-09-07,,Active,1137.0,8.0,Annual,2
23130,23130,3,2025-06-21,,Active,37980.0,5.0,Monthly,40
23169,23169,1,2023-11-30,,Active,2372.0,2.0,Monthly,9
23219,23219,2,2025-08-20,,Active,5045.0,13.0,Annual,10
23338,23338,4,2024-12-14,,Active,230901.0,7.0,Annual,161
23467,23467,3,2024-09-24,,Active,40244.0,6.0,Monthly,43
23469,23469,4,2025-03-10,,Active,221967.0,9.0,Annual,158
23484,23484,2,2025-06-22,,Active,7352.0,8.0,Monthly,14
23490,23490,1,2023-04-30,,Active,2866.0,10.0,Annual,12
23508,23508,3,2023-08-28,,Active,3072.0,9.0,Monthly,3
23512,23512,2,2024-08-21,,Active,6287.0,1.0,Annual,11
23518,23518,4,2025-04-14,,Active,252201.0,16.0,Annual,197
23538,23538,1,2026-02-09,,Active,716.0,8.450001311266767,Annual,3
23713,23713,3,2025-03-23,,Active,31064.0,4.0,Monthly,32
23757,23757,1,2024-11-16,,Active,525.0,8.0,Annual,2
23892,23892,1,2025-08-05,,Active,810.0,4.0,Monthly,3
23924,23924,3,2026-06-17,,Active,62864.0,11.0,Monthly,73
23931,23931,2,2024-04-08,,Active,26037.0,13.95533494903292,Monthly,56
23959,23959,1,2024-01-16,,Active,1789.0,6.0,Annual,7
24011,24011,2,2024-10-10,,Active,2048.0,30.5737900593584,Monthly,5
24061,24061,2,2025-07-22,,Active,1162.0,6.0,Annual,2
24087,24087,3,2025-11-23,,Active,7233.0,5.0,Monthly,7
24117,24117,2,2025-10-28,,Active,5244.0,0.0,Annual,9
24180,24180,1,2026-05-13,,Active,2877.0,22.0,Monthly,14
24199,24199,3,2023-06-05,,Active,17951.0,9.0,Monthly,19
24222,24222,4,2026-05-02,,Active,118283.0,11.0,Annual,83
24244,24244,3,2024-07-31,,Active,15320.0,16.972920447949928,Annual,17
24261,24261,3,2025-06-14,,Active,56211.0,19.91309868735465,Annual,74
24298,24298,3,2025-04-22,,Active,47487.0,9.0,Monthly,53
24468,24468,2,2026-01-29,,Active,20639.0,11.0,Annual,43
24478,24478,3,2026-06-13,,Active,20688.0,16.0,Monthly,24
24484,24484,2,2024-12-04,,Active,1792.0,2.0,Monthly,3
24530,24530,1,2023-01-11,,Active,2902.0,1.0,Annual,11
24563,24563,1,2024-10-01,,Active,1846.0,3.0,Monthly,7
24595,24595,1,2024-09-07,,Active,3614.0,2.0,Monthly,14
24618,24618,4,2026-03-29,,Active,109116.0,27.0,Annual,94
24630,24630,2,2023-08-15,,Active,4639.0,20.0,Annual,10
24703,24703,2,2023-09-27,,Active,2219.0,8.0,Monthly,4
24712,24712,3,2024-09-22,,Active,53107.0,5.0,Monthly,57
24733,24733,2,2024-05-19,,Active,7831.0,2.0,Monthly,14
24772,24772,1,2024-01-19,,Active,1080.0,3.0,Monthly,4
24829,24829,2,2024-10-03,,Active,7671.0,4.0,Monthly,14
24838,24838,1,2024-09-21,,Active,1751.0,8.0,Monthly,7
24845,24845,1,2025-03-05,,Active,1427.0,34.0,Monthly,8
24848,24848,1,2025-04-17,,Active,3138.0,21.91287691089551,Monthly,13
24880,24880,1,2025-12-04,,Active,464.0,18.485225621902813,Monthly,2
24948,24948,1,2024-01-24,,Active,3368.0,2.0,Monthly,13
24957,24957,2,2024-12-28,,Active,29292.0,12.0,Monthly,63
24976,24976,1,2025-10-21,,Active,1283.0,7.0,Annual,5
25035,25035,1,2024-02-26,,Active,2033.0,6.0,Monthly,8
25075,25075,4,2025-06-10,,Active,237761.0,8.0,Monthly,168
25138,25138,2,2025-02-01,,Active,28196.0,14.0,Monthly,62
25145,25145,1,2023-02-16,,Active,2372.0,2.0,Monthly,9
25235,25235,2,2023-05-09,,Active,2928.0,2.0,Annual,5
25247,25247,1,2025-03-02,,Active,1057.0,5.0,Monthly,4
25256,25256,3,2024-03-21,,Active,61877.0,5.0,Monthly,67
25274,25274,4,2025-01-03,,Active,72718.0,29.0,Annual,63
25308,25308,3,2024-10-17,,Active,148928.0,20.03842489849677,Annual,219
25319,25319,1,2023-08-28,,Active,810.0,4.0,Monthly,3
25328,25328,4,2026-05-10,,Active,75903.0,6.0,Annual,49
25330,25330,1,2026-02-28,,Active,1102.0,1.0,Monthly,4
25336,25336,1,2023-04-23,,Active,1269.0,8.0,Monthly,5
25380,25380,2,2025-11-20,,Active,1028.0,14.278482670899551,Monthly,2
25448,25448,2,2026-02-13,,Active,7192.0,10.0,Monthly,14
25560,25560,2,2024-03-22,,Active,4358.0,7.0,Monthly,8
25577,25577,4,2023-08-28,,Active,105225.0,7.0,Annual,70
25586,25586,1,2025-12-21,,Active,1248.0,24.0,Annual,6
25613,25613,3,2025-02-26,,Active,55921.0,9.0,Monthly,63
25666,25666,4,2023-08-12,,Active,70736.0,7.0,Monthly,46
25679,25679,3,2024-03-22,,Active,56500.0,17.545878877932054,Annual,73
25686,25686,1,2025-01-01,,Active,3089.0,3.0,Annual,12
25687,25687,2,2024-07-26,,Active,2719.0,9.0,Annual,5
25694,25694,2,2023-06-01,,Active,18422.0,6.0,Monthly,36
25696,25696,1,2026-03-29,,Active,2106.0,13.0,Monthly,9
25759,25759,1,2025-01-04,,Active,1626.0,1.0,Annual,6
25790,25790,3,2026-03-07,,Active,19469.0,6.0,Monthly,20
25818,25818,3,2025-04-02,,Active,61226.0,6.0,Annual,67
25858,25858,1,2026-01-15,,Active,3265.0,5.0,Annual,13
25909,25909,1,2025-08-15,,Active,1363.0,17.0,Annual,6
25919,25919,2,2023-05-20,,Active,21319.0,6.0,Monthly,42
25920,25920,1,2025-06-18,,Active,3153.0,1.0,Monthly,12
25951,25951,2,2025-08-15,,Active,1755.0,4.0,Monthly,3
25988,25988,1,2023-10-31,,Active,1283.0,7.0,Annual,5
26035,26035,3,2025-11-15,,Active,45137.0,5.0,Annual,48
26042,26042,1,2024-10-25,,Active,3299.0,4.0,Annual,13
26147,26147,3,2025-05-11,,Active,15972.0,10.0,Monthly,17
26243,26243,2,2025-11-04,,Active,3918.0,5.0,Monthly,7
26260,26260,1,2024-12-10,,Active,1511.0,8.0,Annual,6
26277,26277,3,2025-04-15,,Active,54265.0,13.0,Annual,64
26312,26312,2,2025-08-12,,Active,22201.0,12.0,Annual,47
26445,26445,2,2023-12-05,,Active,4388.0,31.267146847265657,Annual,10
26507,26507,1,2024-04-02,,Active,924.0,17.0,Monthly,4
26521,26521,1,2024-10-08,,Active,957.0,14.0,Annual,4
26568,26568,3,2023-10-22,,Active,132582.0,11.0,Annual,161
26592,26592,2,2023-05-11,,Active,2958.0,1.0,Annual,5
26659,26659,2,2025-12-12,,Active,5625.0,3.0,Annual,10
26664,26664,3,2024-11-20,,Active,116902.0,8.0,Annual,136
26685,26685,1,2025-01-09,,Active,810.0,4.0,Monthly,3
26714,26714,2,2025-01-22,,Active,19214.0,20.94309449595073,Monthly,48
26734,26734,2,2025-08-31,,Active,27868.0,15.0,Annual,62
26744,26744,3,2025-05-20,,Active,58108.0,4.0,Monthly,62
26817,26817,2,2023-01-11,,Active,32605.0,28.836031375577583,Monthly,73
26835,26835,4,2025-03-05,,Active,147195.0,23.0,Monthly,122
26865,26865,4,2025-01-02,,Active,83332.0,28.678020756320223,Annual,62
26878,26878,1,2024-10-21,,Active,2103.0,15.330021301819444,Annual,9
26911,26911,1,2024-06-22,,Active,751.0,11.0,Monthly,3
26965,26965,4,2025-05-15,,Active,180646.0,17.0,Annual,140
27087,27087,1,2025-12-31,,Active,2569.0,4.0,Monthly,10
27133,27133,2,2024-02-03,,Active,6792.0,15.0,Monthly,14
27248,27248,3,2025-06-17,,Active,31546.0,19.07205763293155,Monthly,40
27277,27277,1,2025-11-23,,Active,793.0,6.0,Monthly,3
27292,27292,2,2026-06-10,,Active,3878.0,21.427739100637964,Annual,8
27315,27315,1,2025-05-02,,Active,3121.0,2.0,Monthly,12
27322,27322,3,2025-10-28,,Active,65172.0,4.0,Monthly,70
27337,27337,4,2024-01-31,,Active,44664.0,6.0,Monthly,28
27373,27373,1,2026-05-12,,Active,835.0,1.0,Monthly,3
27381,27381,1,2025-11-21,,Active,2251.0,7.0,Monthly,9
27387,27387,4,2023-11-11,,Active,74899.0,9.0,Annual,50
27392,27392,1,2025-01-26,,Active,1713.0,10.0,Monthly,7
27422,27422,1,2026-01-12,,Active,2516.0,6.0,Annual,10
27489,27489,3,2023-07-12,,Active,18019.0,13.0,Annual,20
27545,27545,1,2023-01-13,,Active,1102.0,1.0,Monthly,4
27558,27558,1,2026-01-17,,Active,2650.0,1.0,Annual,10
27588,27588,3,2024-05-25,,Active,2918.0,21.281166925789503,Annual,3
27670,27670,1,2026-03-27,,Active,2130.0,12.0,Monthly,9
27689,27689,2,2024-11-01,,Active,6417.0,7.0,Annual,12
27708,27708,4,2023-09-21,,Active,159104.0,12.0,Annual,115
27750,27750,1,2025-09-26,,Active,2299.0,5.0,Annual,9
27778,27778,3,2025-06-17,,Active,25244.0,5.0,Monthly,26
27791,27791,3,2023-02-04,,Active,48865.0,8.0,Monthly,54
27834,27834,3,2026-01-01,,Active,52226.0,11.0,Monthly,60
27940,27940,2,2025-06-04,,Active,3416.0,4.0,Monthly,6
27963,27963,2,2025-05-08,,Active,1774.0,3.0,Monthly,3
27998,27998,3,2025-03-07,,Active,22384.0,12.224415313706787,Annual,25
28017,28017,1,2025-02-03,,Active,2755.0,6.0,Annual,11
28082,28082,2,2024-03-15,,Active,4824.0,8.0,Monthly,9
28136,28136,1,2024-11-29,,Active,2202.0,9.0,Annual,9
28203,28203,2,2024-07-04,,Active,7512.0,6.0,Monthly,14
28234,28234,3,2025-03-16,,Active,11138.0,5.0,Annual,11
28239,28239,2,2023-11-25,,Active,2672.0,20.99415869229165,Monthly,6
28276,28276,2,2024-05-14,,Active,4498.0,4.0,Annual,8
28278,28278,3,2024-08-15,,Active,52813.0,10.0,Annual,60
28284,28284,4,2025-10-21,,Active,113903.0,8.0,Monthly,77
28370,28370,3,2024-11-10,,Active,32057.0,9.0,Monthly,35
28382,28382,2,2025-03-14,,Active,14838.0,10.0,Monthly,30
28397,28397,3,2024-03-24,,Active,55795.0,23.0,Annual,75
28412,28412,1,2023-12-01,,Active,2275.0,6.0,Annual,9
28440,28440,1,2024-09-29,,Active,1338.0,3.0,Monthly,5
28453,28453,1,2025-05-03,,Active,2726.0,7.0,Monthly,11
28485,28485,4,2025-09-04,,Active,213507.0,15.0,Annual,163
28508,28508,1,2025-10-11,,Active,2579.0,12.0,Monthly,11
28546,28546,3,2026-05-29,,Active,28886.0,8.0,Monthly,31
28551,28551,1,2026-05-07,,Active,3467.0,6.0,Annual,14
28572,28572,2,2025-03-07,,Active,5652.0,11.0,Annual,11
28585,28585,4,2025-12-11,,Active,102254.0,12.0,Annual,72
28641,28641,4,2025-04-16,,Active,78326.0,3.0,Annual,49
28689,28689,3,2025-10-20,,Active,2167.0,5.0,Monthly,2
28746,28746,3,2025-09-14,,Active,7538.0,1.0,Monthly,7
28826,28826,2,2023-01-28,,Active,17442.0,11.0,Annual,36
28898,28898,4,2025-06-30,,Active,36280.0,4.0,Annual,22
28899,28899,3,2024-09-24,,Active,4523.0,18.0,Monthly,5
28909,28909,1,2022-10-16,,Active,1511.0,8.0,Annual,6
28977,28977,2,2025-05-04,,Active,5244.0,0.0,Annual,9
28987,28987,2,2024-04-10,,Active,31400.0,11.0,Annual,67
29000,29000,1,2026-04-06,,Active,3504.0,5.0,Annual,14
29074,29074,3,2025-09-10,,Active,62115.0,14.317005739461374,Monthly,77
29124,29124,4,2022-09-13,,Active,178824.0,42.76409630462378,Annual,180
29141,29141,4,2025-11-28,,Active,126341.0,11.0,Annual,89
29155,29155,2,2024-06-03,,Active,32696.0,6.0,Monthly,66
29175,29175,2,2025-10-23,,Active,2388.0,1.0,Monthly,4
29218,29218,2,2024-07-27,,Active,4592.0,2.0,Annual,8
29251,29251,3,2025-03-13,,Active,57502.0,5.0,Monthly,62
29261,29261,2,2025-12-01,,Active,1792.0,2.0,Annual,3
29302,29302,3,2023-04-20,,Active,110674.0,23.0,Monthly,155
29303,29303,2,2024-06-18,,Active,34180.0,14.0,Annual,76
29327,29327,1,2024-03-23,,Active,902.0,19.0,Annual,4
29331,29331,1,2023-02-22,,Active,1046.0,6.0,Annual,4
29367,29367,2,2023-08-09,,Active,10306.0,15.776283536444412,Monthly,22
29404,29404,1,2026-03-03,,Active,827.0,2.0,Monthly,3
29499,29499,3,2024-01-04,,Active,30077.0,19.0,Monthly,37
29520,29520,2,2026-05-21,,Active,1755.0,4.0,Annual,3
29526,29526,1,2024-10-13,,Active,1691.0,13.970032580919955,Annual,7
29546,29546,3,2025-10-23,,Active,23809.0,7.0,Monthly,25
29667,29667,3,2022-11-02,,Active,82879.0,12.0,Monthly,99
29679,29679,2,2024-07-05,,Active,4452.0,5.0,Monthly,8
29688,29688,1,2024-09-30,,Active,2323.0,4.0,Annual,9
29690,29690,1,2026-04-07,,Active,2154.0,11.0,Annual,9
29721,29721,1,2024-04-14,,Active,2106.0,13.0,Annual,9
29723,29723,1,2025-02-05,,Active,1310.0,5.0,Annual,5
29769,29769,2,2024-07-20,,Active,5335.0,8.0,Annual,10
29805,29805,2,2024-03-09,,Active,2243.0,7.0,Monthly,4
29832,29832,2,2024-08-24,,Active,2171.0,10.0,Monthly,4
29835,29835,2,2025-12-23,,Active,6624.0,4.0,Monthly,12
29841,29841,4,2025-03-03,,Active,257462.0,13.0,Annual,194
29897,29897,2,2023-08-21,,Active,1223.0,1.0,Annual,2
29918,29918,1,2024-07-25,,Active,2542.0,5.0,Annual,10
29922,29922,4,2024-04-28,,Active,97089.0,27.24412921824481,Annual,79
29926,29926,3,2024-05-05,,Active,13277.0,10.0,Monthly,14
29939,29939,1,2022-01-06,,Active,1925.0,11.0,Annual,8
29955,29955,1,2026-03-15,,Active,570.0,0.0,Annual,2
29986,29986,4,2024-12-24,,Active,56080.0,7.0,Monthly,36
30070,30070,2,2026-04-12,,Active,4118.0,16.202352457276984,Annual,8
30111,30111,4,2025-09-06,,Active,165877.0,9.0,Annual,116
30229,30229,4,2024-02-16,,Active,215516.0,28.404540820951816,Monthly,179
30263,30263,1,2025-07-13,,Active,530.0,7.0,Annual,2
30318,30318,4,2026-05-17,,Active,218383.0,11.0,Monthly,159
30344,30344,1,2025-07-20,,Active,1189.0,17.74763624773351,Annual,5
30372,30372,4,2024-07-21,,Active,206962.0,12.0,Annual,152
30382,30382,3,2024-07-29,,Active,9391.0,3.0,Annual,9
30410,30410,2,2025-02-05,,Active,11300.0,8.0,Monthly,22
30484,30484,2,2025-03-17,,Active,1087.0,12.0,Monthly,2
30489,30489,1,2025-12-07,,Active,2962.0,7.0,Annual,12
30559,30559,3,2025-09-18,,Active,5858.0,18.748876234269623,Annual,7
30593,30593,1,2023-07-25,,Active,2679.0,19.048183873184517,Annual,12
30601,30601,4,2025-09-01,,Active,272632.0,16.0,Annual,214
30607,30607,1,2024-10-07,,Active,468.0,18.0,Annual,2
30716,30716,2,2025-02-17,,Active,2659.0,11.0,Monthly,5
30736,30736,3,2025-12-11,,Active,46640.0,21.193226858799548,Monthly,58
30738,30738,2,2024-08-29,,Active,6435.0,13.546971474847938,Annual,13
30795,30795,1,2025-04-11,,Active,2623.0,2.0,Annual,10
30798,30798,3,2025-07-08,,Active,48100.0,11.0,Monthly,55
30800,30800,1,2025-09-12,,Active,2596.0,3.0,Annual,10
30819,30819,4,2024-08-16,,Active,157296.0,13.0,Monthly,115
30820,30820,1,2025-02-09,,Active,2768.0,16.940450822076905,Monthly,12
30839,30839,4,2025-07-09,,Active,256496.0,22.0,Annual,217
30843,30843,2,2024-12-18,,Active,2077.0,24.50436842220644,Annual,4
30866,30866,1,2025-02-04,,Active,2348.0,3.0,Monthly,9
30867,30867,1,2025-06-18,,Active,1713.0,10.0,Monthly,7
30905,30905,2,2024-05-14,,Active,14052.0,9.0,Annual,28
30920,30920,1,2025-10-27,,Active,1527.0,7.0,Monthly,6
31005,31005,2,2023-02-20,,Active,3959.0,4.0,Annual,7
31051,31051,1,2026-05-11,,Active,1214.0,12.0,Annual,5
31113,31113,2,2023-11-12,,Active,7298.0,2.0,Annual,13
31125,31125,3,2024-07-09,,Active,3240.0,4.0,Annual,3
31126,31126,2,2025-01-20,,Active,5103.0,12.0,Monthly,10
31158,31158,1,2026-05-12,,Active,2902.0,1.0,Monthly,11
31160,31160,1,2024-08-05,,Active,2251.0,7.0,Monthly,9
31179,31179,2,2022-05-03,,Active,4982.0,5.0,Monthly,9
31201,31201,2,2025-11-18,,Active,6072.0,12.0,Annual,12
31239,31239,4,2025-04-15,,Active,56683.0,6.0,Annual,36
31245,31245,4,2026-01-17,,Active,91395.0,8.0,Annual,61
31267,31267,3,2025-05-05,,Active,24805.0,21.0,Annual,31
31286,31286,4,2023-03-28,,Active,213507.0,15.0,Annual,163
31324,31324,2,2023-09-19,,Active,4217.0,10.0,Monthly,8
31331,31331,1,2023-02-17,,Active,2755.0,6.0,Monthly,11
31348,31348,1,2024-06-18,,Active,793.0,6.0,Annual,3
31352,31352,3,2026-02-13,,Active,9635.0,10.0,Annual,10
31359,31359,1,2025-11-02,,Active,1527.0,7.0,Monthly,6
31392,31392,1,2024-02-07,,Active,2275.0,6.0,Monthly,9
31417,31417,1,2025-10-20,,Active,3184.0,0.0,Monthly,12
31459,31459,3,2025-04-11,,Active,80374.0,13.0,Annual,97
31468,31468,2,2023-06-28,,Active,5451.0,6.0,Monthly,10
31544,31544,3,2025-06-12,,Active,63622.0,5.0,Monthly,69
31551,31551,2,2025-12-02,,Active,4615.0,12.0,Monthly,9
31563,31563,2,2024-06-28,,Active,1609.0,12.0,Monthly,3
31595,31595,1,2024-06-29,,Active,802.0,5.0,Annual,3
31623,31623,4,2025-03-28,,Active,84824.0,27.0,Annual,72
31626,31626,3,2026-06-10,,Active,40692.0,7.0,Monthly,44
31691,31691,1,2024-02-10,,Active,2251.0,7.0,Monthly,9
31701,31701,1,2025-06-07,,Active,2130.0,12.0,Monthly,9
31726,31726,2,2024-07-03,,Active,2898.0,3.0,Monthly,5
31730,31730,1,2025-03-30,,Active,3393.0,8.0,Monthly,14
31775,31775,2,2025-07-21,,Active,14322.0,4.0,Monthly,27
31786,31786,4,2024-04-21,,Active,62575.0,16.0,Annual,45
31811,31811,1,2023-04-21,,Active,2872.0,2.0,Monthly,11
31852,31852,2,2024-06-01,,Active,28289.0,5.0,Annual,56
31933,31933,4,2025-06-26,,Active,21955.0,26.011775147143396,Annual,16
31969,31969,1,2025-06-27,,Active,1467.0,11.896356670821662,Monthly,6
31977,31977,2,2025-03-16,,Active,8076.0,24.292116522850705,Annual,20
31983,31983,3,2025-03-17,,Active,27698.0,9.0,Monthly,30
32003,32003,3,2025-12-05,,Active,44148.0,22.24103953579323,Annual,58
32005,32005,3,2025-05-06,,Active,9197.0,5.0,Monthly,9
32019,32019,2,2025-03-14,,Active,4001.0,3.0,Monthly,7
32021,32021,1,2025-08-06,,Active,1365.0,1.0,Annual,5
32121,32121,2,2025-07-21,,Active,34824.0,4.0,Monthly,69
32137,32137,4,2025-07-29,,Active,50694.0,6.0,Monthly,32
32171,32171,2,2025-01-02,,Active,18771.0,9.0,Monthly,38
32211,32211,2,2022-10-21,,Active,6693.0,3.0,Monthly,12
32258,32258,3,2026-01-05,,Active,21088.0,7.0,Annual,22
32302,32302,4,2024-07-12,,Active,187657.0,12.0,Monthly,137
32392,32392,1,2025-05-02,,Active,1808.0,5.0,Monthly,7
32405,32405,2,2025-07-11,,Active,5883.0,21.0,Monthly,13
32422,32422,4,2025-10-29,,Active,145887.0,20.619560385045247,Monthly,109
32430,32430,2,2024-09-20,,Active,27135.0,4.0,Monthly,53
32453,32453,1,2024-09-20,,Active,785.0,7.0,Monthly,3
32521,32521,1,2024-02-11,,Active,827.0,2.0,Monthly,3
32529,32529,1,2024-09-18,,Active,2098.0,3.0,Monthly,8
32531,32531,3,2024-05-10,,Active,123081.0,7.0,Annual,142
32536,32536,3,2024-10-11,,Active,12101.0,5.0,Monthly,12
32544,32544,2,2026-04-08,,Active,7272.0,9.0,Annual,14
32601,32601,2,2024-03-17,,Active,5969.0,6.0,Annual,11
32617,32617,2,2025-10-07,,Active,7592.0,5.0,Annual,14
32628,32628,2,2024-01-11,,Active,1125.0,9.0,Annual,2
32670,32670,2,2024-05-12,,Active,9723.0,9.0,Annual,19
32673,32673,1,2023-08-04,,Active,3196.0,7.0,Annual,13
32775,32775,3,2025-11-27,,Active,8478.0,2.0,Monthly,8
32811,32811,3,2024-06-23,,Active,29200.0,7.0,Monthly,31
32896,32896,4,2023-11-25,,Active,211679.0,19.0,Annual,170
32903,32903,3,2024-12-14,,Active,20176.0,7.0,Annual,21
32920,32920,1,2024-03-04,,Active,1324.0,4.0,Monthly,5
32926,32926,3,2025-01-29,,Active,3342.0,1.0,Annual,3
32935,32935,2,2024-06-04,,Active,35041.0,15.0,Annual,79
32995,32995,4,2024-08-12,,Active,23894.0,9.0,Monthly,15
33018,33018,1,2024-02-16,,Active,525.0,8.0,Annual,2
33021,33021,2,2023-05-06,,Active,3452.0,3.0,Annual,6
33032,33032,2,2026-06-05,,Active,31421.0,7.0,Annual,64
33037,33037,2,2026-04-25,,Active,29056.0,14.0,Annual,64
33086,33086,1,2025-11-04,,Active,835.0,1.0,Monthly,3
33130,33130,1,2025-09-17,,Active,2902.0,1.0,Monthly,11
33137,33137,3,2025-06-12,,Active,42788.0,22.87187311008689,Annual,58
33138,33138,1,2025-10-23,,Active,1511.0,8.0,Monthly,6
33202,33202,2,2025-06-07,,Active,21229.0,22.33415857838218,Annual,45
33208,33208,4,2024-09-02,,Active,56683.0,6.0,Monthly,36
33231,33231,3,2026-01-15,,Active,2167.0,5.0,Annual,2
33280,33280,3,2026-05-03,,Active,52225.0,5.0,Monthly,56
33284,33284,1,2025-08-03,,Active,956.0,13.530858863411844,Monthly,4
33289,33289,1,2025-03-14,,Active,1610.0,2.0,Annual,6
33350,33350,2,2023-01-07,,Active,1719.0,6.0,Annual,3
33351,33351,2,2025-10-07,,Active,4545.0,3.0,Annual,8
33372,33372,3,2022-06-19,,Active,34162.0,8.0,Monthly,37
33383,33383,2,2023-09-08,,Active,35405.0,5.0,Annual,71
33400,33400,3,2025-03-19,,Active,20297.0,24.224249497914386,Annual,25
33450,33450,2,2025-11-12,,Active,2171.0,10.0,Annual,4
33472,33472,3,2024-02-14,,Active,80817.0,15.0,Annual,100
33586,33586,4,2026-03-27,,Active,204395.0,12.0,Annual,150
33626,33626,3,2026-04-20,,Active,71436.0,5.0,Annual,78
33627,33627,2,2026-04-15,,Active,2779.0,7.0,Annual,5
33723,33723,2,2026-03-16,,Active,2002.0,17.0,Annual,4
33729,33729,3,2026-01-14,,Active,15579.0,7.0,Monthly,16
33774,33774,1,2023-07-14,,Active,1789.0,6.0,Monthly,7
33776,33776,1,2024-11-21,,Active,2348.0,3.0,Monthly,9
33778,33778,1,2023-01-19,,Active,1990.0,8.0,Monthly,8
33794,33794,3,2024-10-03,,Active,59261.0,15.0,Monthly,72
33796,33796,3,2022-12-23,,Active,17556.0,11.0,Monthly,19
33856,33856,2,2024-01-26,,Active,2749.0,8.0,Annual,5
33870,33870,4,2024-10-10,,Active,97978.0,11.0,Annual,68
33871,33871,4,2022-08-28,,Active,241420.0,12.0,Annual,179
33919,33919,3,2025-06-16,,Active,49721.0,8.0,Monthly,55
33925,33925,1,2023-12-25,,Active,2227.0,8.0,Annual,9
33928,33928,2,2026-05-15,,Active,1662.0,17.80289733928018,Annual,3
33931,33931,3,2023-02-24,,Active,2053.0,10.0,Annual,2
33945,33945,2,2024-11-16,,Active,14236.0,26.79537672942332,Monthly,33
33971,33971,3,2023-09-28,,Active,15579.0,7.0,Annual,16
33975,33975,2,2023-10-21,,Active,4170.0,11.0,Monthly,8
33986,33986,4,2024-05-18,,Active,217268.0,13.0,Annual,162
33997,33997,2,2026-06-24,,Active,7671.0,4.0,Monthly,14
34001,34001,1,2025-01-21,,Active,3430.0,7.0,Monthly,14
34013,34013,4,2024-08-30,,Active,208016.0,11.0,Annual,151
34038,34038,3,2025-08-08,,Active,46796.0,7.0,Monthly,51
34048,34048,1,2023-07-22,,Active,2462.0,8.0,Annual,10
34076,34076,1,2024-12-12,,Active,2382.0,11.0,Monthly,10
34092,34092,2,2025-12-15,,Active,7751.0,3.0,Annual,14
34201,34201,2,2024-11-17,,Active,6417.0,7.0,Monthly,12
34261,34261,2,2023-06-09,,Active,3416.0,4.0,Monthly,6
34265,34265,2,2025-07-22,,Active,1719.0,6.0,Monthly,3
34268,34268,2,2024-03-04,,Active,1174.0,5.0,Annual,2
34291,34291,2,2025-11-16,,Active,3959.0,4.0,Annual,7
34441,34441,2,2025-06-05,,Active,28156.0,10.0,Annual,59
34482,34482,3,2023-05-03,,Active,5351.0,3.0,Monthly,5
34499,34499,3,2024-12-20,,Active,18346.0,7.0,Annual,19
34505,34505,4,2026-04-12,,Active,195881.0,10.0,Annual,140
34534,34534,1,2025-12-29,,Active,1440.0,22.167162874969318,Monthly,6
34559,34559,2,2025-08-02,,Active,35876.0,5.0,Monthly,72
34615,34615,3,2025-02-17,,Active,59859.0,13.0,Monthly,71
34721,34721,2,2022-10-19,,Active,21805.0,20.0,Monthly,51
34735,34735,3,2023-11-27,,Active,51574.0,18.53114929384487,Monthly,61
34744,34744,2,2025-01-23,,Active,2928.0,2.0,Annual,5
34781,34781,2,2026-02-28,,Active,2065.0,14.19719192282883,Monthly,4
34795,34795,1,2023-09-14,,Active,3430.0,7.0,Monthly,14
34863,34863,3,2024-06-30,,Active,4965.0,10.0,Monthly,5
34879,34879,3,2023-11-01,,Active,2190.0,4.0,Monthly,2
34889,34889,1,2024-11-04,,Active,1642.0,0.0,Monthly,6
34955,34955,3,2026-04-09,,Active,53399.0,9.0,Monthly,60
34969,34969,2,2025-09-04,,Active,12407.0,7.0,Annual,24
34988,34988,1,2023-09-03,,Active,2178.0,10.0,Annual,9
35003,35003,3,2025-02-03,,Active,37860.0,3.0,Monthly,39
35042,35042,1,2025-11-29,,Active,3368.0,2.0,Monthly,13
35046,35046,1,2023-04-09,,Active,1903.0,0.0,Annual,7
35057,35057,2,2024-10-10,,Active,7751.0,3.0,Annual,14
35071,35071,2,2025-08-25,,Active,25348.0,7.0,Monthly,51
35096,35096,2,2025-11-07,,Active,2267.0,6.0,Annual,4
35118,35118,1,2023-10-28,,Active,1990.0,8.0,Annual,8
35136,35136,1,2024-03-26,,Active,819.0,3.0,Annual,3
35266,35266,1,2025-06-16,,Active,2489.0,7.0,Annual,10
35270,35270,4,2026-04-27,,Active,199391.0,9.0,Annual,141
35343,35343,2,2024-01-03,,Active,4639.0,1.0,Monthly,8
35346,35346,1,2025-03-16,,Active,1678.0,13.70366694633326,Monthly,7
35381,35381,3,2026-03-17,,Active,9294.0,4.0,Annual,9
35411,35411,1,2025-01-24,,Active,759.0,10.0,Annual,3
35412,35412,4,2024-10-28,,Active,101092.0,13.0,Annual,72
35439,35439,2,2025-05-04,,Active,2740.0,23.0,Monthly,6
35528,35528,1,2024-07-19,,Active,759.0,10.0,Annual,3
35550,35550,1,2024-11-18,,Active,802.0,5.0,Monthly,3
35710,35710,2,2023-07-15,,Active,2444.0,27.07119361529799,Annual,5
35732,35732,2,2026-06-04,,Active,1700.0,7.0,Monthly,3
35763,35763,3,2026-01-13,,Active,138296.0,19.215687725349017,Monthly,188
35815,35815,1,2025-03-07,,Active,565.0,1.0,Annual,2
35860,35860,2,2022-12-17,,Active,1186.0,4.0,Monthly,2
35912,35912,1,2025-10-28,,Active,2542.0,5.0,Monthly,10
35927,35927,1,2026-02-14,,Active,3162.0,8.0,Monthly,13
35933,35933,4,2024-09-07,,Active,282345.0,9.0,Monthly,204
36017,36017,2,2025-01-09,,Active,34287.0,8.0,Monthly,71
36021,36021,1,2023-09-21,,Active,810.0,4.0,Monthly,3
36072,36072,1,2025-12-27,,Active,946.0,15.0,Monthly,4
36076,36076,2,2025-08-03,,Active,5741.0,1.0,Annual,10
36077,36077,2,2024-10-12,,Active,5969.0,6.0,Annual,11
36081,36081,2,2025-11-26,,Active,7352.0,8.0,Annual,14
36117,36117,3,2026-04-13,,Active,32901.0,4.0,Monthly,34
36158,36158,1,2024-10-31,,Active,519.0,9.0,Monthly,2
36173,36173,1,2024-11-16,,Active,835.0,1.0,Monthly,3
36196,36196,4,2022-11-27,,Active,88021.0,10.0,Annual,60
36197,36197,2,2023-08-28,,Active,5842.0,8.0,Monthly,11
36206,36206,1,2024-08-04,,Active,2227.0,8.0,Annual,9
36240,36240,1,2026-04-15,,Active,2076.0,4.0,Monthly,8
36351,36351,1,2026-04-16,,Active,1789.0,6.0,Annual,7
36413,36413,4,2023-08-01,,Active,137565.0,14.0,Annual,101
36587,36587,2,2026-01-20,,Active,2749.0,8.0,Monthly,5
36599,36599,2,2025-11-19,,Active,6478.0,13.0,Monthly,13
36602,36602,4,2025-07-09,,Active,178765.0,15.0,Annual,135
36773,36773,2,2024-12-16,,Active,4042.0,2.0,Monthly,7
36783,36783,1,2025-10-08,,Active,2962.0,7.0,Annual,12
36791,36791,2,2022-11-08,,Active,4083.0,1.0,Monthly,7
36815,36815,3,2025-05-19,,Active,18148.0,8.0,Monthly,19
36833,36833,3,2024-08-11,,Active,40758.0,19.0,Annual,51
36886,36886,1,2025-04-14,,Active,1338.0,3.0,Monthly,5
36906,36906,1,2025-01-31,,Active,1618.0,15.0,Monthly,7
36920,36920,2,2024-08-28,,Active,3877.0,6.0,Monthly,7
36980,36980,2,2022-12-11,,Active,19507.0,12.0,Monthly,41
36984,36984,3,2025-02-11,,Active,48306.0,4.0,Annual,51
36995,36995,4,2024-12-16,,Active,214142.0,14.798913106890309,Monthly,174
37105,37105,1,2025-07-17,,Active,2275.0,6.0,Monthly,9
37109,37109,3,2023-07-09,,Active,61759.0,21.1757122953033,Annual,78
37116,37116,4,2025-02-26,,Active,231219.0,9.0,Monthly,165
37134,37134,1,2024-02-22,,Active,3223.0,20.71646330720069,Monthly,14
37179,37179,1,2023-09-04,,Active,2019.0,29.01412562257121,Monthly,10
37285,37285,3,2024-11-23,,Active,45433.0,8.0,Monthly,50
37335,37335,1,2024-12-05,,Active,2403.0,18.0,Monthly,11
37398,37398,2,2023-05-25,,Active,5842.0,8.0,Annual,11
37419,37419,3,2025-11-01,,Active,4089.0,22.81840921049796,Monthly,5
37424,37424,4,2024-10-06,,Active,116696.0,8.0,Monthly,79
37460,37460,4,2023-09-25,,Active,281043.0,9.0,Monthly,203
37476,37476,2,2024-06-18,,Active,2958.0,1.0,Annual,5
37487,37487,3,2025-05-05,,Active,111977.0,6.0,Monthly,127
37500,37500,2,2023-03-17,,Active,7512.0,6.0,Monthly,14
37545,37545,2,2025-10-13,,Active,2171.0,10.0,Monthly,4
37563,37563,3,2022-05-12,,Active,56911.0,22.031792781440707,Annual,72
37605,37605,2,2024-04-07,,Active,31843.0,11.0,Monthly,68
37672,37672,2,2023-04-09,,Active,30109.0,17.0,Monthly,69
37747,37747,2,2025-06-17,,Active,1162.0,6.0,Monthly,2
37748,37748,2,2025-11-08,,Active,4124.0,0.0,Annual,7
37767,37767,2,2025-12-20,,Active,10459.0,11.0,Monthly,21
37940,37940,2,2023-11-09,,Active,5969.0,6.0,Monthly,11
37982,37982,4,2024-05-29,,Active,27170.0,13.0,Monthly,18
38022,38022,1,2025-07-10,,Active,3368.0,2.0,Monthly,13
38086,38086,3,2025-02-04,,Active,68496.0,10.0,Monthly,79
38095,38095,2,2025-02-28,,Active,3381.0,5.0,Monthly,6
38111,38111,1,2024-09-22,,Active,1310.0,5.0,Annual,5
38189,38189,2,2025-11-20,,Active,2219.0,8.0,Monthly,4
38197,38197,2,2025-08-23,,Active,6624.0,4.0,Monthly,12
38198,38198,1,2024-03-11,,Active,819.0,3.0,Monthly,3
38211,38211,1,2024-10-21,,Active,3467.0,6.0,Monthly,14
38227,38227,2,2023-05-15,,Active,2339.0,3.0,Monthly,4
38252,38252,3,2023-12-01,,Active,19055.0,8.0,Annual,20
38268,38268,1,2025-07-02,,Active,1393.0,10.117651559378928,Annual,6
38270,38270,3,2024-02-22,,Active,48340.0,24.481085571707297,Annual,60
38306,38306,1,2025-06-07,,Active,2667.0,9.0,Monthly,11
38326,38326,1,2025-12-29,,Active,431.0,25.185078430266813,Annual,2
38367,38367,2,2026-04-11,,Active,31289.0,6.0,Monthly,63
38373,38373,2,2025-11-23,,Active,4311.0,8.0,Monthly,8
38423,38423,2,2025-10-22,,Active,7352.0,8.0,Annual,14
38452,38452,3,2026-01-08,,Active,4408.0,1.0,Annual,4
38480,38480,1,2026-06-04,,Active,768.0,9.0,Monthly,3
38485,38485,2,2025-10-22,,Active,37679.0,4.0,Annual,75
38612,38612,3,2025-03-05,,Active,16682.0,6.0,Monthly,17
38661,38661,3,2026-01-07,,Active,8716.0,18.26122011784936,Monthly,10
38664,38664,2,2023-09-27,,Active,6952.0,13.0,Annual,14
38677,38677,2,2026-02-25,,Active,1737.0,5.0,Annual,3
38700,38700,1,2025-10-02,,Active,819.0,3.0,Monthly,3
38728,38728,1,2023-05-09,,Active,2993.0,6.0,Annual,12
38766,38766,3,2023-07-06,,Active,62413.0,17.0,Monthly,78
38770,38770,4,2024-01-13,,Active,300515.0,7.0,Annual,213
38775,38775,1,2025-10-20,,Active,1626.0,1.0,Monthly,6
38812,38812,1,2023-06-22,,Active,2396.0,1.0,Monthly,9
38823,38823,2,2024-12-05,,Active,16893.0,9.0,Monthly,34
38848,38848,4,2023-06-25,,Active,142364.0,11.0,Annual,101
38868,38868,4,2025-12-29,,Active,146448.0,19.0,Annual,115
38906,38906,4,2024-03-11,,Active,101271.0,4.0,Monthly,65
38939,38939,3,2025-03-01,,Active,67627.0,3.0,Monthly,72
39017,39017,1,2025-07-16,,Active,1035.0,7.0,Annual,4
39037,39037,2,2023-07-31,,Active,1536.0,16.0,Annual,3
39040,39040,4,2025-11-09,,Active,68454.0,10.0,Monthly,46
39062,39062,2,2023-10-05,,Active,6553.0,12.0,Monthly,13
39135,39135,3,2026-04-30,,Active,15178.0,19.0,Annual,18
39190,39190,3,2024-09-10,,Active,9849.0,8.0,Annual,10
39196,39196,1,2023-09-14,,Active,1884.0,1.0,Annual,7
39248,39248,2,2023-11-09,,Active,33669.0,12.0,Annual,73
39346,39346,3,2025-10-30,,Active,49538.0,28.0,Annual,71
39375,39375,2,2025-10-21,,Active,24219.0,4.0,Monthly,47
39416,39416,4,2023-06-20,,Active,106356.0,6.0,Annual,70
39454,39454,4,2026-03-17,,Active,255706.0,11.0,Annual,188
39486,39486,1,2025-11-07,,Active,1111.0,24.814130142142403,Monthly,5
39515,39515,1,2024-11-06,,Active,959.0,19.1091813430024,Annual,4
39535,39535,2,2025-12-10,,Active,1211.0,2.0,Annual,2
39541,39541,3,2025-09-06,,Active,23809.0,7.0,Annual,25
39592,39592,4,2026-03-09,,Active,49206.0,3.0,Monthly,30
39666,39666,2,2023-12-12,,Active,1149.0,7.0,Annual,2
39685,39685,4,2025-12-21,,Active,163551.0,11.0,Annual,117
39715,39715,4,2024-09-27,,Active,149952.0,12.0,Annual,108
39739,39739,1,2025-03-17,,Active,3368.0,2.0,Monthly,13
39810,39810,4,2025-09-26,,Active,296530.0,7.0,Monthly,210
39869,39869,1,2024-02-24,,Active,3614.0,2.0,Monthly,14
39896,39896,2,2026-04-14,,Active,3959.0,4.0,Monthly,7
39899,39899,1,2025-08-23,,Active,1478.0,10.0,Annual,6
39965,39965,3,2025-09-24,,Active,59077.0,8.0,Monthly,66
39980,39980,4,2026-04-24,,Active,105534.0,26.946728662755557,Annual,82
40017,40017,3,2024-01-10,,Active,68971.0,6.0,Annual,76
40026,40026,3,2026-03-25,,Active,29186.0,20.73014695104868,Annual,32
40093,40093,2,2025-04-18,,Active,1810.0,1.0,Monthly,3
40154,40154,4,2026-01-15,,Active,259027.0,8.0,Monthly,184
40163,40163,4,2026-01-13,,Active,69976.0,8.0,Monthly,46
40166,40166,3,2024-02-06,,Active,3308.0,2.0,Monthly,3
40219,40219,2,2024-12-23,,Active,2958.0,1.0,Annual,5
40270,40270,2,2025-06-26,,Active,3452.0,3.0,Monthly,6
40330,40330,2,2026-04-28,,Active,5087.0,3.0,Monthly,9
40485,40485,1,2023-12-07,,Active,2902.0,1.0,Monthly,11
40544,40544,4,2026-04-28,,Active,77468.0,15.419845923270556,Monthly,59
40555,40555,2,2025-04-25,,Active,30521.0,17.0,Annual,70
40595,40595,2,2025-11-15,,Active,17834.0,9.0,Annual,36
40659,40659,1,2025-07-16,,Active,802.0,5.0,Monthly,3
40736,40736,4,2025-04-05,,Active,52750.0,5.0,Annual,33
40757,40757,3,2023-12-19,,Active,9177.0,27.23469462958701,Monthly,10
40776,40776,1,2026-03-21,,Active,508.0,11.0,Annual,2
40809,40809,4,2025-10-13,,Active,292542.0,7.0,Annual,207
40826,40826,2,2025-04-17,,Active,7149.0,4.0,Monthly,13
40843,40843,1,2024-12-24,,Active,2033.0,6.0,Monthly,8
40849,40849,1,2025-10-23,,Active,2866.0,10.0,Annual,12
40857,40857,1,2025-02-09,,Active,1080.0,3.0,Annual,4
40882,40882,1,2026-05-29,,Active,525.0,8.0,Annual,2
40892,40892,3,2023-01-03,,Active,30093.0,7.0,Monthly,32
40936,40936,2,2024-07-03,,Active,2195.0,9.0,Annual,4
41021,41021,1,2025-05-03,,Active,2130.0,12.0,Annual,9
41075,41075,3,2026-03-26,,Active,1894.0,17.0,Annual,2
41106,41106,3,2026-03-15,,Active,63622.0,5.0,Monthly,69
41112,41112,3,2024-11-12,,Active,6438.0,2.0,Annual,6
41124,41124,3,2024-08-31,,Active,4802.0,12.674842661645496,Annual,5
41128,41128,2,2025-07-27,,Active,14670.0,5.0,Monthly,28
41165,41165,4,2026-02-12,,Active,59228.0,26.636956311932245,Annual,41
41168,41168,2,2025-09-13,,Active,2884.0,31.601460675317107,Annual,6
41180,41180,1,2024-03-29,,Active,2872.0,2.0,Annual,11
41209,41209,3,2024-11-26,,Active,20634.0,9.0,Annual,22
41212,41212,3,2025-10-20,,Active,5978.0,9.0,Monthly,6
41280,41280,1,2026-03-22,,Active,2930.0,8.0,Monthly,12
41289,41289,1,2025-04-16,,Active,2355.0,12.0,Monthly,10
41296,41296,1,2025-09-04,,Active,451.0,21.0,Annual,2
41324,41324,2,2023-12-14,,Active,4982.0,5.0,Annual,9
41404,41404,1,2024-06-01,,Active,559.0,2.0,Annual,2
41475,41475,2,2023-12-03,,Active,24219.0,4.0,Annual,47
41508,41508,1,2025-01-12,,Active,1269.0,8.0,Annual,5
41531,41531,4,2024-04-29,,Active,95639.0,8.0,Monthly,64
41542,41542,3,2024-06-24,,Active,35417.0,7.0,Monthly,38
41554,41554,2,2024-07-02,,Active,5822.0,10.035962421361262,Monthly,11
41601,41601,1,2024-06-21,,Active,559.0,2.0,Annual,2
41660,41660,2,2022-04-18,,Active,4498.0,4.0,Monthly,8
41686,41686,1,2025-05-30,,Active,1324.0,4.0,Monthly,5
41704,41704,2,2024-05-07,,Active,1223.0,1.0,Monthly,2
41709,41709,3,2023-12-25,,Active,59497.0,6.0,Monthly,65
41717,41717,1,2023-06-03,,Active,1046.0,6.0,Monthly,4
41724,41724,1,2025-06-18,,Active,3614.0,2.0,Annual,14
41740,41740,1,2023-12-30,,Active,3504.0,5.0,Monthly,14
41776,41776,2,2024-04-11,,Active,1690.0,17.147589093184116,Monthly,3
41834,41834,1,2024-09-09,,Active,2872.0,2.0,Monthly,11
41845,41845,4,2025-12-26,,Active,59411.0,4.0,Monthly,37
41853,41853,4,2025-07-31,,Active,181849.0,25.0,Monthly,157
41859,41859,2,2025-02-13,,Active,5567.0,4.0,Monthly,10
41868,41868,1,2025-03-17,,Active,3282.0,11.0,Monthly,14
41869,41869,2,2025-06-22,,Active,21201.0,22.85352525975292,Annual,48
41876,41876,4,2024-12-23,,Active,130550.0,9.0,Annual,90
41888,41888,2,2022-11-26,,Active,37287.0,5.0,Monthly,75
41897,41897,3,2025-09-11,,Active,55982.0,19.082356783173157,Annual,67
41946,41946,1,2025-06-19,,Active,1412.0,14.0,Monthly,6
41955,41955,2,2025-07-18,,Active,3959.0,4.0,Monthly,7
41956,41956,1,2022-08-11,,Active,3196.0,7.0,Monthly,13
41961,41961,2,2025-04-16,,Active,4639.0,20.0,Monthly,10
41970,41970,3,2023-08-10,,Active,15914.0,5.0,Monthly,16
41985,41985,1,2025-04-06,,Active,519.0,9.0,Monthly,2
42017,42017,2,2024-12-25,,Active,4083.0,1.0,Annual,7
42058,42058,2,2024-07-17,,Active,5335.0,8.0,Monthly,10
42060,42060,3,2025-04-08,,Active,64393.0,10.0,Monthly,74
42105,42105,1,2023-11-03,,Active,2931.0,0.0,Monthly,11
42111,42111,2,2025-02-19,,Active,1719.0,6.0,Annual,3
42170,42170,1,2022-10-08,,Active,2275.0,6.0,Annual,9
42176,42176,1,2024-08-06,,Active,3541.0,4.0,Monthly,14
42196,42196,1,2025-02-16,,Active,542.0,5.0,Monthly,2
42253,42253,1,2025-06-27,,Active,2650.0,1.0,Annual,10
42264,42264,3,2023-12-30,,Active,9584.0,1.0,Monthly,9
42269,42269,3,2024-12-28,,Active,4319.0,3.0,Annual,4
42342,42342,2,2026-05-07,,Active,3918.0,5.0,Monthly,7
42382,42382,3,2025-12-04,,Active,56897.0,6.0,Monthly,62
42398,42398,4,2024-01-01,,Active,287332.0,13.0,Monthly,218
42428,42428,2,2023-12-20,,Active,2868.0,4.0,Monthly,5
42446,42446,1,2023-04-01,,Active,759.0,10.0,Monthly,3
42484,42484,1,2025-10-09,,Active,1610.0,2.0,Monthly,6
42536,42536,1,2023-11-29,,Active,2227.0,8.0,Annual,9
42560,42560,4,2025-11-05,,Active,228280.0,15.0,Annual,175
42606,42606,1,2026-05-20,,Active,530.0,7.0,Annual,2
42620,42620,1,2023-08-29,,Active,2872.0,2.0,Monthly,11
42635,42635,1,2025-03-11,,Active,548.0,4.0,Monthly,2
42704,42704,2,2023-02-22,,Active,13898.0,10.0,Annual,28
42719,42719,4,2025-02-12,,Active,92642.0,17.0,Annual,69
42762,42762,1,2025-05-15,,Active,3578.0,3.0,Annual,14
42805,42805,2,2025-11-01,,Active,2703.0,13.375301477587868,Monthly,5
42832,42832,3,2025-10-31,,Active,54868.0,5.0,Annual,59
42868,42868,2,2023-05-16,,Active,1137.0,8.0,Monthly,2
42887,42887,2,2026-04-25,,Active,6478.0,13.0,Annual,13
42914,42914,2,2025-01-02,,Active,6553.0,18.0,Annual,14
42955,42955,2,2024-12-09,,Active,6350.0,0.0,Annual,11
42960,42960,1,2025-09-22,,Active,2408.0,11.20893719161118,Monthly,10
42962,42962,1,2026-04-06,,Active,570.0,0.0,Monthly,2
43041,43041,4,2023-07-25,,Active,210808.0,12.0,Monthly,155
43162,43162,1,2024-11-03,,Active,995.0,24.45798365494598,Monthly,4
43165,43165,2,2023-05-07,,Active,24803.0,9.0,Monthly,51
43194,43194,2,2023-09-12,,Active,1481.0,19.0,Monthly,3
43202,43202,3,2024-07-05,,Active,20091.0,3.0,Annual,20
43203,43203,1,2026-06-22,,Active,3095.0,15.866767568357888,Monthly,14
43248,43248,1,2026-03-24,,Active,3231.0,6.0,Monthly,13
43251,43251,2,2026-02-02,,Active,5451.0,6.0,Monthly,10
43280,43280,2,2023-06-11,,Active,30514.0,4.0,Annual,60
43331,43331,2,2026-02-28,,Active,12758.0,8.0,Monthly,25
43358,43358,3,2024-10-07,,Active,58231.0,8.0,Monthly,65
43428,43428,2,2025-03-25,,Active,1682.0,8.0,Monthly,3
43444,43444,2,2024-05-31,,Active,6287.0,1.0,Monthly,11
43477,43477,2,2026-01-31,,Active,9519.0,19.0,Monthly,21
43533,43533,2,2024-11-29,,Active,23210.0,8.0,Monthly,47
43540,43540,1,2023-09-26,,Active,1046.0,6.0,Annual,4
43556,43556,1,2024-11-21,,Active,2726.0,7.0,Monthly,11
43624,43624,1,2025-03-06,,Active,1527.0,7.0,Annual,6
43645,43645,1,2025-10-06,,Active,1283.0,7.0,Annual,5
43663,43663,2,2025-05-09,,Active,36167.0,9.0,Monthly,76
43665,43665,2,2023-08-26,,Active,2122.0,12.0,Monthly,4
43687,43687,1,2025-07-13,,Active,3025.0,5.0,Annual,12
43702,43702,1,2024-10-24,,Active,2784.0,5.0,Monthly,11
43777,43777,3,2024-02-08,,Active,44783.0,11.0,Annual,51
43819,43819,3,2024-11-27,,Active,3207.0,5.0,Annual,3
43871,43871,4,2026-03-09,,Active,73481.0,9.0,Monthly,49
43882,43882,1,2023-11-21,,Active,1351.0,2.0,Annual,5
44058,44058,1,2024-02-03,,Active,3184.0,0.0,Annual,12
44132,44132,1,2025-06-22,,Active,2251.0,7.0,Monthly,9
44154,44154,2,2026-03-27,,Active,7074.0,5.0,Monthly,13
44211,44211,2,2024-11-02,,Active,4083.0,1.0,Monthly,7
44225,44225,3,2026-04-10,,Active,39333.0,12.0,Monthly,45
44258,44258,3,2025-04-03,,Active,9487.0,2.0,Monthly,9
44356,44356,2,2025-09-24,,Active,5277.0,9.0,Monthly,10
44365,44365,2,2025-07-10,,Active,7671.0,4.0,Monthly,14
44430,44430,2,2024-10-30,,Active,28766.0,5.0,Annual,57
44453,44453,3,2026-05-11,,Active,3207.0,5.0,Monthly,3
44458,44458,4,2024-01-15,,Active,46670.0,8.0,Annual,30
44474,44474,2,2025-02-05,,Active,5023.0,20.47904814694084,Annual,11
44476,44476,2,2024-06-13,,Active,5509.0,5.0,Annual,10
44484,44484,2,2024-04-16,,Active,1211.0,2.0,Annual,2
44491,44491,4,2024-08-17,,Active,37353.0,9.0,Annual,24
44541,44541,1,2025-02-28,,Active,1569.0,13.684822449950406,Monthly,7
44570,44570,4,2024-09-14,,Active,89387.0,29.72285136635429,Annual,71
44577,44577,1,2024-06-03,,Active,559.0,2.0,Annual,2
44580,44580,4,2026-03-11,,Active,26546.0,15.0,Annual,18
44611,44611,1,2025-08-06,,Active,1846.0,3.0,Monthly,7
44620,44620,2,2025-07-04,,Active,24455.0,15.0,Monthly,54
44643,44643,1,2025-08-06,,Active,3153.0,1.0,Annual,12
44670,44670,4,2025-04-23,,Active,99808.0,16.198782085132336,Annual,77
44692,44692,3,2025-05-20,,Active,54366.0,28.538881608290204,Monthly,74
44722,44722,3,2023-10-27,,Active,13425.0,9.0,Monthly,14
44799,44799,2,2025-08-31,,Active,6287.0,1.0,Annual,11
44851,44851,1,2024-04-11,,Active,485.0,15.0,Annual,2
44979,44979,1,2023-12-30,,Active,2119.0,2.0,Monthly,8
45066,45066,1,2025-06-12,,Active,1846.0,3.0,Annual,7
45081,45081,1,2025-08-26,,Active,1241.0,10.0,Annual,5
45151,45151,2,2025-04-19,,Active,1137.0,8.0,Monthly,2
45220,45220,1,2026-03-09,,Active,827.0,2.0,Monthly,3
45231,45231,3,2024-01-25,,Active,55081.0,9.0,Annual,62
45232,45232,3,2025-09-07,,Active,10170.0,5.0,Annual,10
45236,45236,1,2023-02-28,,Active,2055.0,5.0,Annual,8
45290,45290,2,2024-09-23,,Active,5277.0,9.0,Annual,10
45332,45332,1,2025-04-04,,Active,1365.0,1.0,Annual,5
45344,45344,2,2024-07-06,,Active,38339.0,7.0,Monthly,79
45395,45395,1,2022-11-22,,Active,3651.0,1.0,Monthly,14
45424,45424,2,2025-04-04,,Active,1774.0,3.0,Monthly,3
45451,45451,2,2026-03-03,,Active,21753.0,12.0,Annual,46
45507,45507,2,2024-05-13,,Active,2195.0,9.0,Monthly,4
45509,45509,4,2026-05-26,,Active,212514.0,20.658427195144213,Annual,174
45541,45541,3,2023-09-17,,Active,58108.0,4.0,Monthly,62
45547,45547,2,2025-09-25,,Active,2014.0,18.216999589126427,Monthly,4
45556,45556,3,2022-11-26,,Active,7233.0,5.0,Annual,7
45588,45588,1,2025-05-09,,Active,2033.0,6.0,Annual,8
45606,45606,3,2024-06-18,,Active,30648.0,13.0,Monthly,35
45607,45607,3,2025-12-28,,Active,55512.0,11.0,Annual,64
45608,45608,1,2022-03-29,,Active,542.0,5.0,Monthly,2
45638,45638,3,2026-05-23,,Active,40861.0,14.0,Monthly,48
45702,45702,1,2023-07-21,,Active,1770.0,7.0,Monthly,7
45708,45708,1,2024-12-24,,Active,2921.0,15.0,Monthly,13
45757,45757,3,2024-08-01,,Active,15747.0,6.0,Monthly,16
45827,45827,2,2025-08-26,,Active,7831.0,2.0,Monthly,14
45831,45831,1,2024-10-29,,Active,1338.0,3.0,Monthly,5
45909,45909,2,2022-12-11,,Active,15775.0,10.0,Monthly,32
45983,45983,4,2024-06-19,,Active,252276.0,9.0,Monthly,181
46011,46011,4,2025-08-24,,Active,242402.0,25.01192623877301,Monthly,191
46059,46059,2,2025-05-26,,Active,2219.0,8.0,Annual,4
46063,46063,4,2025-10-10,,Active,94226.0,8.0,Monthly,63
46074,46074,4,2022-08-01,,Active,90483.0,6.0,Monthly,59
46088,46088,2,2024-12-26,,Active,7372.0,1.0,Monthly,13
46114,46114,2,2023-06-08,,Active,4639.0,1.0,Annual,8
46158,46158,2,2024-12-18,,Active,21092.0,7.0,Monthly,42
46214,46214,1,2026-06-06,,Active,1626.0,1.0,Monthly,6
46227,46227,1,2023-09-26,,Active,2146.0,11.734551162563404,Annual,9
46302,46302,3,2023-12-29,,Active,27089.0,11.0,Annual,30
46382,46382,2,2025-01-23,,Active,5219.0,10.0,Annual,10
46452,46452,2,2023-11-27,,Active,24931.0,5.0,Annual,49
46487,46487,1,2022-04-02,,Active,2275.0,6.0,Annual,9
46503,46503,4,2023-11-12,,Active,145189.0,20.95497350553045,Monthly,126
46607,46607,1,2024-10-31,,Active,2856.0,14.055299138753826,Monthly,12
46659,46659,1,2024-05-10,,Active,1256.0,19.03438681758803,Monthly,5
46708,46708,2,2023-11-19,,Active,4639.0,1.0,Monthly,8
46731,46731,2,2024-05-08,,Active,4452.0,5.0,Monthly,8
46734,46734,3,2025-09-10,,Active,41336.0,13.0,Monthly,48
46740,46740,3,2025-05-01,,Active,39523.0,39.82230810218388,Monthly,56
46772,46772,3,2025-12-18,,Active,43458.0,12.0,Annual,50
46791,46791,2,2025-12-26,,Active,2898.0,3.0,Annual,5
46829,46829,3,2023-09-24,,Active,138731.0,9.0,Annual,165
46847,46847,4,2024-11-04,,Active,99161.0,6.0,Annual,65
46887,46887,2,2021-12-22,,Active,2150.0,19.599672095777336,Annual,4
46898,46898,1,2025-09-01,,Active,3541.0,4.0,Annual,14
46903,46903,3,2023-06-06,,Active,13610.0,1.0,Monthly,13
46968,46968,2,2024-04-19,,Active,7671.0,4.0,Annual,14
47029,47029,1,2026-02-14,,Active,2588.0,20.820259305028674,Annual,13
47036,47036,1,2024-06-27,,Active,3334.0,3.0,Monthly,13
47046,47046,2,2023-04-25,,Active,35964.0,6.0,Annual,73
47074,47074,3,2024-11-24,,Active,179113.0,10.0,Annual,219
47100,47100,2,2026-01-31,,Active,25906.0,13.0,Monthly,56
47208,47208,1,2025-03-25,,Active,1046.0,6.0,Monthly,4
47280,47280,2,2022-09-23,,Active,2146.0,11.0,Annual,4
47297,47297,4,2024-10-28,,Active,106528.0,15.0,Annual,78
47391,47391,1,2026-05-01,,Active,1884.0,1.0,Monthly,7
47413,47413,1,2025-02-08,,Active,1057.0,5.0,Monthly,4
47460,47460,2,2025-07-31,,Active,6160.0,3.0,Annual,11
47514,47514,2,2026-01-08,,Active,1223.0,1.0,Monthly,2
47517,47517,2,2024-11-05,,Active,22495.0,9.0,Annual,46
47522,47522,1,2025-06-03,,Active,1827.0,4.0,Annual,7
47527,47527,2,2024-03-27,,Active,4452.0,5.0,Monthly,8
47666,47666,1,2023-08-06,,Active,1713.0,10.0,Monthly,7
47675,47675,3,2025-07-23,,Active,37264.0,11.0,Annual,42
47676,47676,2,2025-05-12,,Active,11427.0,26.0,Annual,28
47771,47771,2,2025-04-12,,Active,3959.0,4.0,Annual,7
47832,47832,2,2023-10-09,,Active,32227.0,6.0,Annual,65
47858,47858,4,2024-02-08,,Active,232539.0,9.0,Annual,166
47863,47863,1,2024-10-11,,Active,1884.0,1.0,Monthly,7
47872,47872,3,2026-05-19,,Active,13864.0,12.0,Monthly,15
47874,47874,3,2023-08-12,,Active,118781.0,12.0,Annual,145
47879,47879,3,2024-10-29,,Active,62367.0,15.0,Annual,76
47889,47889,4,2022-11-23,,Active,203288.0,20.604187067553056,Monthly,163
47913,47913,1,2023-04-19,,Active,3231.0,6.0,Monthly,13
47922,47922,1,2025-09-12,,Active,1324.0,4.0,Monthly,5
47989,47989,2,2023-10-12,,Active,6831.0,1.0,Monthly,12
48026,48026,3,2026-05-04,,Active,50371.0,21.14145567716336,Annual,69
48050,48050,1,2025-05-08,,Active,542.0,5.0,Monthly,2
48107,48107,3,2025-04-01,,Active,70779.0,7.0,Annual,79
48123,48123,1,2025-09-09,,Active,2870.0,23.43307352087667,Monthly,12
48159,48159,2,2025-09-12,,Active,3783.0,26.63245311778852,Monthly,8
48223,48223,3,2024-12-25,,Active,8132.0,6.0,Monthly,8
48299,48299,1,2023-07-09,,Active,3402.0,1.0,Annual,13
48337,48337,1,2023-02-28,,Active,3162.0,8.0,Monthly,13
48355,48355,2,2025-01-16,,Active,4592.0,2.0,Monthly,8
48384,48384,3,2026-05-22,,Active,117959.0,19.091946778299395,Annual,168
48427,48427,1,2025-02-20,,Active,3231.0,6.0,Monthly,13
48428,48428,2,2023-07-06,,Active,1223.0,1.0,Annual,2
48442,48442,3,2025-11-20,,Active,9849.0,8.0,Annual,10
48538,48538,1,2023-09-25,,Active,776.0,8.0,Annual,3
48567,48567,1,2024-04-08,,Active,1269.0,8.0,Monthly,5
48591,48591,1,2025-12-05,,Active,525.0,8.0,Annual,2
48593,48593,4,2024-10-11,,Active,177000.0,27.0,Annual,157
48639,48639,2,2024-03-09,,Active,5087.0,3.0,Annual,9
48644,48644,1,2025-08-27,,Active,2843.0,3.0,Monthly,11
48808,48808,3,2024-09-10,,Active,59255.0,5.0,Monthly,64
48925,48925,2,2024-09-24,,Active,15497.0,6.0,Annual,30
48989,48989,1,2025-04-25,,Active,2210.0,23.832459310640346,Annual,11
49009,49009,2,2025-06-23,,Active,7592.0,5.0,Monthly,14
49068,49068,1,2026-03-02,,Active,1560.0,5.0,Annual,6
49099,49099,2,2025-08-31,,Active,17144.0,5.0,Monthly,33
49104,49104,1,2026-01-13,,Active,2044.0,12.730788404017895,Monthly,9
49130,49130,2,2024-03-30,,Active,4001.0,3.0,Monthly,7
49144,49144,2,2025-02-03,,Active,3487.0,2.0,Monthly,6
49168,49168,2,2025-06-20,,Active,21092.0,7.0,Monthly,42
49176,49176,1,2025-06-28,,Active,2050.0,20.86777946803614,Annual,9
49214,49214,1,2024-07-30,,Active,2076.0,4.0,Monthly,8
49249,49249,3,2022-07-07,,Active,66172.0,12.0,Annual,78
49313,49313,2,2025-05-27,,Active,2044.0,25.23203292469706,Monthly,4
49323,49323,2,2023-09-23,,Active,32987.0,17.0,Annual,76
49353,49353,2,2026-01-02,,Active,22248.0,10.0,Monthly,46
49358,49358,4,2026-06-07,,Active,260421.0,12.0,Annual,194
49454,49454,1,2025-12-28,,Active,2542.0,5.0,Monthly,10
49489,49489,1,2025-01-03,,Active,2542.0,5.0,Monthly,10
49517,49517,3,2025-07-16,,Active,61777.0,9.0,Annual,70
49598,49598,4,2024-11-18,,Active,236428.0,8.0,Annual,167
49606,49606,1,2024-02-21,,Active,1102.0,1.0,Monthly,4
49617,49617,2,2023-02-16,,Active,11164.0,5.0,Monthly,21
49639,49639,3,2025-10-30,,Active,38879.0,5.0,Annual,41
49642,49642,1,2025-03-08,,Active,2843.0,3.0,Monthly,11
49707,49707,3,2025-06-01,,Active,68348.0,23.457418650043454,Annual,87
49714,49714,2,2025-04-13,,Active,1591.0,13.0,Annual,3
49720,49720,1,2025-11-12,,Active,3265.0,5.0,Monthly,13
49783,49783,1,2025-04-04,,Active,3057.0,4.0,Annual,12
49791,49791,4,2023-11-21,,Active,146105.0,15.0,Annual,109
49794,49794,2,2026-02-09,,Active,20411.0,10.0,Monthly,42
49808,49808,1,2025-08-15,,Active,734.0,20.061642883870512,Monthly,3
49872,49872,2,2023-06-13,,Active,5842.0,8.0,Monthly,11
49884,49884,3,2024-02-26,,Active,89180.0,15.0,Annual,111
49913,49913,2,2023-12-22,,Active,3547.0,14.0,Monthly,7
49931,49931,4,2025-09-15,,Active,253722.0,8.0,Annual,180
49980,49980,4,2024-04-27,,Active,70024.0,6.0,Monthly,45
